ref_date,cma,dguid,permit_value_t,source_status,overnight_rate,ontario_unemployment_rate,overnight_rate_lag_1,unemployment_lag_1,target_date,permit_value_t_plus_1,log_target,lag_1,lag_3,lag_6,lag_12,rolling_mean_3,rolling_sd_3,seasonal_naive_pred,month_sin,month_cos,time_index,pandemic_indicator
2019-01-01,Hamilton,DEMO-1,170612.19035798626,DEMO,2.0738848727196184,6.197515522808293,2.035479872200373,6.914530617107758,2019-02-01,150655.08733609397,11.922754950885107,154955.26990193184,129529.11234967315,151784.19730676414,166644.50218264782,155013.07179431268,15570.298084810534,160997.76350115624,0.8660254037844386,0.5000000000000001,12,0
2019-01-01,Kitchener-Cambridge-Waterloo,DEMO-2,197754.75275671986,DEMO,2.0738848727196184,6.197515522808293,2.035479872200373,6.914530617107758,2019-02-01,217358.69605099,12.28930884573244,143733.0625581715,151086.71775920392,144768.4152745588,191724.10604790217,166336.66420819695,28068.792945900263,188629.6354441156,0.8660254037844386,0.5000000000000001,12,0
2019-01-01,London,DEMO-3,220020.98228036184,DEMO,2.0738848727196184,6.197515522808293,2.035479872200373,6.914530617107758,2019-02-01,249514.4428750358,12.427276087549,185393.79942038353,184466.89155575092,159791.9072655155,206016.38031058808,206085.1765707753,18275.359293963716,210861.59491676267,0.8660254037844386,0.5000000000000001,12,0
2019-01-01,Toronto,DEMO-0,168823.11461402275,DEMO,2.0738848727196184,6.197515522808293,2.035479872200373,6.914530617107758,2019-02-01,142904.88313036656,11.869941532632213,148205.90438098615,118945.3569090207,91121.63962095449,138842.50581869378,147372.05455666198,21879.905067765245,129883.97656299794,0.8660254037844386,0.5000000000000001,12,0
2019-01-01,Windsor,DEMO-4,229423.39897948568,DEMO,2.0738848727196184,6.197515522808293,2.035479872200373,6.914530617107758,2019-02-01,231449.19609790636,12.35211999371724,230710.3315946364,202696.61345395815,223922.19894852367,230246.40303035133,215270.20874998494,25636.637511919933,231383.1668222203,0.8660254037844386,0.5000000000000001,12,0
2019-02-01,Hamilton,DEMO-1,150655.08733609397,DEMO,2.109740218331072,6.172347665635154,2.0738848727196184,6.197515522808293,2019-03-01,179101.86054103173,12.095715559674643,170612.19035798626,139471.75512301992,133278.50012827708,160997.76350115624,158740.8491986707,10503.30653725427,146358.93144463006,1.0,6.123233995736766e-17,13,0
2019-02-01,Kitchener-Cambridge-Waterloo,DEMO-2,217358.69605099,DEMO,2.109740218331072,6.172347665635154,2.0738848727196184,6.197515522808293,2019-03-01,211481.7490677144,12.261898709450232,197754.75275671986,157522.17730969953,159683.60792017603,188629.6354441156,186282.17045529382,38130.02209941606,189512.0582270952,1.0,6.123233995736766e-17,13,0
2019-02-01,London,DEMO-3,249514.4428750358,DEMO,2.109740218331072,6.172347665635154,2.0738848727196184,6.197515522808293,2019-03-01,213395.98798933727,12.270909503360945,220020.98228036184,212840.7480115805,188916.42799360753,210861.59491676267,218309.7415252604,32094.55542535378,219899.29179405412,1.0,6.123233995736766e-17,13,0
2019-02-01,Toronto,DEMO-0,142904.88313036656,DEMO,2.109740218331072,6.172347665635154,2.0738848727196184,6.197515522808293,2019-03-01,179570.30763826016,12.098327665062445,168823.11461402275,125087.14467497708,79017.85024786371,129883.97656299794,153311.3007084585,13692.606930585605,135477.12437586757,1.0,6.123233995736766e-17,13,0
2019-02-01,Windsor,DEMO-4,231449.19609790636,DEMO,2.109740218331072,6.172347665635154,2.0738848727196184,6.197515522808293,2019-03-01,245919.9871671819,12.412765572944513,229423.39897948568,185676.8956758326,217609.61929211247,231383.1668222203,230527.6422240095,1025.1804942815713,241010.37422775629,1.0,6.123233995736766e-17,13,0
2019-03-01,Hamilton,DEMO-1,179101.86054103173,DEMO,2.142886610955529,6.465467910174199,2.109740218331072,6.172347665635154,2019-04-01,157234.53988724458,11.965500214132513,150655.08733609397,154955.26990193184,120502.06890111155,146358.93144463006,166789.7127450373,14603.534769685495,170329.0307515207,0.8660254037844387,-0.4999999999999998,14,0
2019-03-01,Kitchener-Cambridge-Waterloo,DEMO-2,211481.7490677144,DEMO,2.142886610955529,6.465467910174199,2.109740218331072,6.172347665635154,2019-04-01,212937.5602415574,12.26875895351183,217358.69605099,143733.0625581715,172784.14981533424,189512.0582270952,208865.06595847476,10060.512961170585,198536.88832327165,0.8660254037844387,-0.4999999999999998,14,0
2019-03-01,London,DEMO-3,213395.98798933727,DEMO,2.142886610955529,6.465467910174199,2.109740218331072,6.172347665635154,2019-04-01,242728.22580872066,12.399701803948659,249514.4428750358,185393.79942038353,204503.53966368444,219899.29179405412,227643.80438157832,19228.007136015443,264749.01333964994,0.8660254037844387,-0.4999999999999998,14,0
2019-03-01,Toronto,DEMO-0,179570.30763826016,DEMO,2.142886610955529,6.465467910174199,2.109740218331072,6.172347665635154,2019-04-01,157849.80540091216,11.969405596291221,142904.88313036656,148205.90438098615,113351.96137004133,135477.12437586757,163766.1017942165,18848.564204755032,138214.81862946707,0.8660254037844387,-0.4999999999999998,14,0
2019-03-01,Windsor,DEMO-4,245919.9871671819,DEMO,2.142886610955529,6.465467910174199,2.109740218331072,6.172347665635154,2019-04-01,236513.90348431794,12.373766501775657,231449.19609790636,230710.3315946364,239577.71785750208,241010.37422775629,235597.527414858,8996.71301059508,267091.87270513695,0.8660254037844387,-0.4999999999999998,14,0
2019-04-01,Hamilton,DEMO-1,157234.53988724458,DEMO,2.1731767878463173,6.165815459388357,2.142886610955529,6.465467910174199,2019-05-01,163590.8642592082,12.00512997244729,179101.86054103173,170612.19035798626,129529.11234967315,170329.0307515207,162330.49592145675,14892.32360547737,171095.14878119892,0.49999999999999994,-0.8660254037844387,15,0
2019-04-01,Kitchener-Cambridge-Waterloo,DEMO-2,212937.5602415574,DEMO,2.1731767878463173,6.165815459388357,2.142886610955529,6.465467910174199,2019-05-01,208211.22571218127,12.246313154438905,211481.7490677144,197754.75275671986,151086.71775920392,198536.88832327165,213926.0017867539,3060.6190513143238,176021.57202641474,0.49999999999999994,-0.8660254037844387,15,0
2019-04-01,London,DEMO-3,242728.22580872066,DEMO,2.1731767878463173,6.165815459388357,2.142886610955529,6.465467910174199,2019-05-01,212580.98747466636,12.26708301634609,213395.98798933727,220020.98228036184,184466.89155575092,264749.01333964994,235212.88555769794,19196.248335261967,221117.42039235285,0.49999999999999994,-0.8660254037844387,15,0
2019-04-01,Toronto,DEMO-0,157849.80540091216,DEMO,2.1731767878463173,6.165815459388357,2.142886610955529,6.465467910174199,2019-05-01,157669.2955126815,11.968261394477766,179570.30763826016,168823.11461402275,118945.3569090207,138214.81862946707,160108.33205651297,18436.75800070483,120243.54242316932,0.49999999999999994,-0.8660254037844387,15,0
2019-04-01,Windsor,DEMO-4,236513.90348431794,DEMO,2.1731767878463173,6.165815459388357,2.142886610955529,6.465467910174199,2019-05-01,229236.1102046783,12.342512162604182,245919.9871671819,229423.39897948568,202696.61345395815,267091.87270513695,237961.02891646876,7343.131318105327,198357.09042032657,0.49999999999999994,-0.8660254037844387,15,0
2019-05-01,Hamilton,DEMO-1,163590.8642592082,DEMO,2.2004761758480207,6.520390006913126,2.1731767878463173,6.165815459388357,2019-06-01,149735.4575725129,11.916632078315798,157234.53988724458,150655.08733609397,139471.75512301992,171095.14878119892,166642.42156249483,11248.507884395967,148778.21307484878,1.2246467991473532e-16,-1.0,16,0
2019-05-01,Kitchener-Cambridge-Waterloo,DEMO-2,208211.22571218127,DEMO,2.2004761758480207,6.520390006913126,2.1731767878463173,6.165815459388357,2019-06-01,163009.52363036235,12.001570039854316,212937.5602415574,217358.69605099,157522.17730969953,176021.57202641474,210876.84500715102,2420.5353153310075,169520.1452909232,1.2246467991473532e-16,-1.0,16,0
2019-05-01,London,DEMO-3,212580.98747466636,DEMO,2.2004761758480207,6.520390006913126,2.1731767878463173,6.165815459388357,2019-06-01,198917.01270407008,12.20064802235081,242728.22580872066,249514.4428750358,212840.7480115805,221117.42039235285,222901.73375757478,17175.080691232488,207056.36612901703,1.2246467991473532e-16,-1.0,16,0
2019-05-01,Toronto,DEMO-0,157669.2955126815,DEMO,2.2004761758480207,6.520390006913126,2.1731767878463173,6.165815459388357,2019-06-01,143337.2525862241,11.87296251878171,157849.80540091216,142904.88313036656,125087.14467497708,120243.54242316932,165029.80285061794,12592.76997187354,114372.60047551332,1.2246467991473532e-16,-1.0,16,0
2019-05-01,Windsor,DEMO-4,229236.1102046783,DEMO,2.2004761758480207,6.520390006913126,2.1731767878463173,6.165815459388357,2019-06-01,231668.63894796977,12.353067665787751,236513.90348431794,231449.19609790636,185676.8956758326,198357.09042032657,237223.3336187261,8364.532620636628,210657.2257159591,1.2246467991473532e-16,-1.0,16,0
2019-06-01,Hamilton,DEMO-1,149735.4575725129,DEMO,2.224663489277905,6.098842675331757,2.2004761758480207,6.520390006913126,2019-07-01,135879.39513468486,11.81953033023824,163590.8642592082,179101.86054103173,154955.26990193184,148778.21307484878,156853.62057298856,6935.553204785416,151784.19730676414,-0.4999999999999997,-0.8660254037844388,17,0
2019-06-01,Kitchener-Cambridge-Waterloo,DEMO-2,163009.52363036235,DEMO,2.224663489277905,6.098842675331757,2.2004761758480207,6.520390006913126,2019-07-01,170937.21542000593,12.049057456862108,208211.22571218127,211481.7490677144,143733.0625581715,169520.1452909232,194719.43652803366,27563.08203928442,144768.4152745588,-0.4999999999999997,-0.8660254037844388,17,0
2019-06-01,London,DEMO-3,198917.01270407008,DEMO,2.224663489277905,6.098842675331757,2.2004761758480207,6.520390006913126,2019-07-01,220906.08486644243,12.305497461625635,212580.98747466636,213395.98798933727,185393.79942038353,207056.36612901703,218075.4086624857,22416.44701033485,159791.9072655155,-0.4999999999999997,-0.8660254037844388,17,0
2019-06-01,Toronto,DEMO-0,143337.2525862241,DEMO,2.224663489277905,6.098842675331757,2.2004761758480207,6.520390006913126,2019-07-01,117249.82344063971,11.672070709231752,157669.2955126815,179570.30763826016,148205.90438098615,114372.60047551332,152952.11783327258,8327.206689167275,91121.63962095449,-0.4999999999999997,-0.8660254037844388,17,0
2019-06-01,Windsor,DEMO-4,231668.63894796977,DEMO,2.224663489277905,6.098842675331757,2.2004761758480207,6.520390006913126,2019-07-01,235115.1904199717,12.367835098256412,229236.1102046783,245919.9871671819,230710.3315946364,210657.2257159591,232472.88421232204,3704.952980702541,223922.19894852367,-0.4999999999999997,-0.8660254037844388,17,0
2019-07-01,Hamilton,DEMO-1,135879.39513468486,DEMO,2.245631268773781,6.2395101280460015,2.224663489277905,6.098842675331757,2019-08-01,168012.17085848673,12.031797653279618,149735.4575725129,157234.53988724458,170612.19035798626,151784.19730676414,149735.23898880198,13855.734563554724,133278.50012827708,-0.8660254037844384,-0.5000000000000004,18,0
2019-07-01,Kitchener-Cambridge-Waterloo,DEMO-2,170937.21542000593,DEMO,2.245631268773781,6.2395101280460015,2.224663489277905,6.098842675331757,2019-08-01,178111.42887879803,12.09017025279902,163009.52363036235,212937.5602415574,197754.75275671986,144768.4152745588,180719.32158751655,24136.39717475903,159683.60792017603,-0.8660254037844384,-0.5000000000000004,18,0
2019-07-01,London,DEMO-3,220906.08486644243,DEMO,2.245631268773781,6.2395101280460015,2.224663489277905,6.098842675331757,2019-08-01,198726.22288306558,12.199688424103075,198917.01270407008,242728.22580872066,220020.98228036184,159791.9072655155,210801.3616817263,11102.032454135715,188916.42799360753,-0.8660254037844384,-0.5000000000000004,18,0
2019-07-01,Toronto,DEMO-0,117249.82344063971,DEMO,2.245631268773781,6.2395101280460015,2.224663489277905,6.098842675331757,2019-08-01,120441.31609155265,11.698926212662785,143337.2525862241,157849.80540091216,168823.11461402275,91121.63962095449,139418.79051318174,20492.661842938942,79017.85024786371,-0.8660254037844384,-0.5000000000000004,18,0
2019-07-01,Windsor,DEMO-4,235115.1904199717,DEMO,2.245631268773781,6.2395101280460015,2.224663489277905,6.098842675331757,2019-08-01,206688.5021201645,12.238972956378966,231668.63894796977,236513.90348431794,229423.39897948568,223922.19894852367,232006.64652420662,2954.0790249515453,217609.61929211247,-0.8660254037844384,-0.5000000000000004,18,0
2019-08-01,Hamilton,DEMO-1,168012.17085848673,DEMO,2.2632863587143066,6.269620582610102,2.245631268773781,6.2395101280460015,2019-09-01,127808.47766920029,11.758295978341728,135879.39513468486,163590.8642592082,150655.08733609397,133278.50012827708,151209.00785522818,16116.988917158315,120502.06890111155,-1.0,-1.8369701987210297e-16,19,0
2019-08-01,Kitchener-Cambridge-Waterloo,DEMO-2,178111.42887879803,DEMO,2.2632863587143066,6.269620582610102,2.245631268773781,6.2395101280460015,2019-09-01,165387.45672563594,12.016052269085721,170937.21542000593,208211.22571218127,217358.69605099,159683.60792017603,170686.05597638877,7554.084744876106,172784.14981533424,-1.0,-1.8369701987210297e-16,19,0
2019-08-01,London,DEMO-3,198726.22288306558,DEMO,2.2632863587143066,6.269620582610102,2.245631268773781,6.2395101280460015,2019-09-01,202494.64311384695,12.218473649810093,220906.08486644243,212580.98747466636,249514.4428750358,188916.42799360753,206183.10681785937,12750.829861356022,204503.53966368444,-1.0,-1.8369701987210297e-16,19,0
2019-08-01,Toronto,DEMO-0,120441.31609155265,DEMO,2.2632863587143066,6.269620582610102,2.245631268773781,6.2395101280460015,2019-09-01,113938.89335962998,11.643426337099509,117249.82344063971,157669.2955126815,142904.88313036656,79017.85024786371,127009.46403947215,14230.03568006041,113351.96137004133,-1.0,-1.8369701987210297e-16,19,0
2019-08-01,Windsor,DEMO-4,206688.5021201645,DEMO,2.2632863587143066,6.269620582610102,2.245631268773781,6.2395101280460015,2019-09-01,221798.52821838844,12.309529226837478,235115.1904199717,229236.1102046783,231449.19609790636,217609.61929211247,224490.77716270203,15513.233923972923,239577.71785750208,-1.0,-1.8369701987210297e-16,19,0
2019-09-01,Hamilton,DEMO-1,127808.47766920029,DEMO,2.2775503210906503,6.448848026934891,2.2632863587143066,6.269620582610102,2019-10-01,129291.23705272008,11.769830524695555,168012.17085848673,149735.4575725129,179101.86054103173,120502.06890111155,143900.01455412395,21268.09790315484,129529.11234967315,-0.8660254037844386,0.5000000000000001,20,0
2019-09-01,Kitchener-Cambridge-Waterloo,DEMO-2,165387.45672563594,DEMO,2.2775503210906503,6.448848026934891,2.2632863587143066,6.269620582610102,2019-10-01,175904.70556911555,12.077703366635731,178111.42887879803,163009.52363036235,211481.7490677144,172784.14981533424,171478.70034147997,6379.245353390013,151086.71775920392,-0.8660254037844386,0.5000000000000001,20,0
2019-09-01,London,DEMO-3,202494.64311384695,DEMO,2.2775503210906503,6.448848026934891,2.2632863587143066,6.269620582610102,2019-10-01,203608.6821603159,12.223960117342722,198726.22288306558,198917.01270407008,213395.98798933727,204503.53966368444,207375.65028778499,11868.224074158776,184466.89155575092,-0.8660254037844386,0.5000000000000001,20,0
2019-09-01,Toronto,DEMO-0,113938.89335962998,DEMO,2.2775503210906503,6.448848026934891,2.2632863587143066,6.269620582610102,2019-10-01,109207.24366157493,11.601011830849973,120441.31609155265,143337.2525862241,179570.30763826016,113351.96137004133,117210.01096394077,3251.3941811374248,118945.3569090207,-0.8660254037844386,0.5000000000000001,20,0
2019-09-01,Windsor,DEMO-4,221798.52821838844,DEMO,2.2775503210906503,6.448848026934891,2.2632863587143066,6.269620582610102,2019-10-01,245731.63721211688,12.41199938327382,206688.5021201645,231668.63894796977,245919.9871671819,239577.71785750208,221200.74025284158,14222.769236770078,202696.61345395815,-0.8660254037844386,0.5000000000000001,20,0
2019-10-01,Hamilton,DEMO-1,129291.23705272008,DEMO,2.288359783990768,6.666654156708409,2.2775503210906503,6.448848026934891,2019-11-01,154575.61223049197,11.948445124458043,127808.47766920029,135879.39513468486,157234.53988724458,129529.11234967315,141703.9618601357,22795.636410792304,139471.75512301992,-0.5000000000000004,0.8660254037844384,21,0
2019-10-01,Kitchener-Cambridge-Waterloo,DEMO-2,175904.70556911555,DEMO,2.288359783990768,6.666654156708409,2.2775503210906503,6.448848026934891,2019-11-01,157543.4969851034,11.96746321788675,165387.45672563594,170937.21542000593,212937.5602415574,151086.71775920392,173134.5303911832,6799.284501029136,157522.17730969953,-0.5000000000000004,0.8660254037844384,21,0
2019-10-01,London,DEMO-3,203608.6821603159,DEMO,2.288359783990768,6.666654156708409,2.2775503210906503,6.448848026934891,2019-11-01,208435.08062299123,12.247387705464055,202494.64311384695,220906.08486644243,242728.22580872066,184466.89155575092,201609.8493857428,2558.6611937643115,212840.7480115805,-0.5000000000000004,0.8660254037844384,21,0
2019-10-01,Toronto,DEMO-0,109207.24366157493,DEMO,2.288359783990768,6.666654156708409,2.2775503210906503,6.448848026934891,2019-11-01,113700.84218412478,11.641334881754469,113938.89335962998,117249.82344063971,157849.80540091216,118945.3569090207,114529.15103758585,5640.248127102955,125087.14467497708,-0.5000000000000004,0.8660254037844384,21,0
2019-10-01,Windsor,DEMO-4,245731.63721211688,DEMO,2.288359783990768,6.666654156708409,2.2775503210906503,6.448848026934891,2019-11-01,231583.2507034509,12.352699020224732,221798.52821838844,235115.1904199717,236513.90348431794,202696.61345395815,224739.5558502233,19687.021920557778,185676.8956758326,-0.5000000000000004,0.8660254037844384,21,0
2019-11-01,Hamilton,DEMO-1,154575.61223049197,DEMO,2.295666723148045,6.299462917439965,2.288359783990768,6.666654156708409,2019-12-01,160926.23547653054,11.988707588242884,129291.23705272008,168012.17085848673,163590.8642592082,139471.75512301992,137225.10898413745,15044.255249884249,154955.26990193184,-2.4492935982947064e-16,1.0,22,0
2019-11-01,Kitchener-Cambridge-Waterloo,DEMO-2,157543.4969851034,DEMO,2.295666723148045,6.299462917439965,2.288359783990768,6.666654156708409,2019-12-01,194621.01643718444,12.178814579216276,175904.70556911555,178111.42887879803,208211.22571218127,157522.17730969953,166278.55309328498,9212.981858156827,143733.0625581715,-2.4492935982947064e-16,1.0,22,0
2019-11-01,London,DEMO-3,208435.08062299123,DEMO,2.295666723148045,6.299462917439965,2.288359783990768,6.666654156708409,2019-12-01,205029.58766024213,12.230914455088866,203608.6821603159,198726.22288306558,212580.98747466636,212840.7480115805,204846.13529905133,3157.6363237303017,185393.79942038353,-2.4492935982947064e-16,1.0,22,0
2019-11-01,Toronto,DEMO-0,113700.84218412478,DEMO,2.295666723148045,6.299462917439965,2.288359783990768,6.666654156708409,2019-12-01,164257.95940377613,12.009199482218571,109207.24366157493,120441.31609155265,157669.2955126815,125087.14467497708,112282.32640177656,2665.758332043077,148205.90438098615,-2.4492935982947064e-16,1.0,22,0
2019-11-01,Windsor,DEMO-4,231583.2507034509,DEMO,2.295666723148045,6.299462917439965,2.288359783990768,6.666654156708409,2019-12-01,247243.63999887707,12.418133570782341,245731.63721211688,206688.5021201645,229236.1102046783,185676.8956758326,233037.80537798544,12032.673165274977,230710.3315946364,-2.4492935982947064e-16,1.0,22,0
2019-12-01,Hamilton,DEMO-1,160926.23547653054,DEMO,2.2994386753034393,6.163642759397954,2.295666723148045,6.299462917439965,2020-01-01,161749.84571634943,11.993812440889506,154575.61223049197,127808.47766920029,149735.4575725129,154955.26990193184,148264.36158658087,16735.2082400047,170612.19035798626,0.49999999999999994,0.8660254037844387,23,0
2019-12-01,Kitchener-Cambridge-Waterloo,DEMO-2,194621.01643718444,DEMO,2.2994386753034393,6.163642759397954,2.295666723148045,6.299462917439965,2020-01-01,177818.82177718612,12.088526079409338,157543.4969851034,165387.45672563594,163009.52363036235,143733.0625581715,176023.07299713444,18539.043133772408,197754.75275671986,0.49999999999999994,0.8660254037844387,23,0
2019-12-01,London,DEMO-3,205029.58766024213,DEMO,2.2994386753034393,6.163642759397954,2.295666723148045,6.299462917439965,2020-01-01,222256.49484323172,12.311591875386778,208435.08062299123,202494.64311384695,198917.01270407008,185393.79942038353,205691.1168145164,2480.2713856751866,220020.98228036184,0.49999999999999994,0.8660254037844387,23,0
2019-12-01,Toronto,DEMO-0,164257.95940377613,DEMO,2.2994386753034393,6.163642759397954,2.295666723148045,6.299462917439965,2020-01-01,179871.66023977307,12.100004436404015,113700.84218412478,113938.89335962998,143337.2525862241,148205.90438098615,129055.34841649195,30569.036166716352,168823.11461402275,0.49999999999999994,0.8660254037844387,23,0
2019-12-01,Windsor,DEMO-4,247243.63999887707,DEMO,2.2994386753034393,6.163642759397954,2.295666723148045,6.299462917439965,2020-01-01,251176.05288609464,12.43391335942778,231583.2507034509,221798.52821838844,231668.63894796977,230710.3315946364,241519.50930481497,8638.197980578938,229423.39897948568,0.49999999999999994,0.8660254037844387,23,0
2020-01-01,Hamilton,DEMO-1,161749.84571634943,DEMO,2.2996588824332043,5.847447495260181,2.2994386753034393,6.163642759397954,2020-02-01,205024.8438062124,12.230891317522103,160926.23547653054,129291.23705272008,135879.39513468486,170612.19035798626,159083.89780779064,3925.947349575802,150655.08733609397,0.8660254037844386,0.5000000000000001,24,0
2020-01-01,Kitchener-Cambridge-Waterloo,DEMO-2,177818.82177718612,DEMO,2.2996588824332043,5.847447495260181,2.2994386753034393,6.163642759397954,2020-02-01,192905.43606430336,12.169960563108113,194621.01643718444,175904.70556911555,170937.21542000593,197754.75275671986,176661.111733158,18565.851221783363,217358.69605099,0.8660254037844386,0.5000000000000001,24,0
2020-01-01,London,DEMO-3,222256.49484323172,DEMO,2.2996588824332043,5.847447495260181,2.2994386753034393,6.163642759397954,2020-02-01,254032.5477221508,12.445221614925453,205029.58766024213,203608.6821603159,220906.08486644243,220020.98228036184,211907.05437548834,9123.18661852098,249514.4428750358,0.8660254037844386,0.5000000000000001,24,0
2020-01-01,Toronto,DEMO-0,179871.66023977307,DEMO,2.2996588824332043,5.847447495260181,2.2994386753034393,6.163642759397954,2020-02-01,177572.39782670548,12.087139311309219,164257.95940377613,109207.24366157493,117249.82344063971,168823.11461402275,152610.153942558,34588.98407853595,142904.88313036656,0.8660254037844386,0.5000000000000001,24,0
2020-01-01,Windsor,DEMO-4,251176.05288609464,DEMO,2.2996588824332043,5.847447495260181,2.2994386753034393,6.163642759397954,2020-02-01,272044.40038769174,12.513724244539722,247243.63999887707,245731.63721211688,235115.1904199717,229423.39897948568,243334.31452947424,10364.92130029666,231449.19609790636,0.8660254037844386,0.5000000000000001,24,0
2020-02-01,Hamilton,DEMO-1,205024.8438062124,DEMO,2.296326366201412,6.066468365974522,2.2996588824332043,5.847447495260181,2020-03-01,162159.84307006246,11.996343980113739,161749.84571634943,154575.61223049197,168012.17085848673,150655.08733609397,175900.30833303079,25225.949107084994,179101.86054103173,1.0,6.123233995736766e-17,25,1
2020-02-01,Kitchener-Cambridge-Waterloo,DEMO-2,192905.43606430336,DEMO,2.296326366201412,6.066468365974522,2.2996588824332043,5.847447495260181,2020-03-01,212419.03269609791,12.266320879797457,177818.82177718612,157543.4969851034,178111.42887879803,217358.69605099,188448.42475955797,9245.385263800172,211481.7490677144,1.0,6.123233995736766e-17,25,1
2020-02-01,London,DEMO-3,254032.5477221508,DEMO,2.296326366201412,6.066468365974522,2.2996588824332043,5.847447495260181,2020-03-01,197623.8549394419,12.194125840492234,222256.49484323172,208435.08062299123,198726.22288306558,249514.4428750358,227106.21007520822,24858.848064234728,213395.98798933727,1.0,6.123233995736766e-17,25,1
2020-02-01,Toronto,DEMO-0,177572.39782670548,DEMO,2.296326366201412,6.066468365974522,2.2996588824332043,5.847447495260181,2020-03-01,149275.5384672715,11.91355582762416,179871.66023977307,113700.84218412478,120441.31609155265,142904.88313036656,173900.6724900849,8429.59599623165,179570.30763826016,1.0,6.123233995736766e-17,25,1
2020-02-01,Windsor,DEMO-4,272044.40038769174,DEMO,2.296326366201412,6.066468365974522,2.2996588824332043,5.847447495260181,2020-03-01,234180.47680154853,12.363851635649585,251176.05288609464,231583.2507034509,206688.5021201645,231449.19609790636,256821.36442422113,13329.350536981487,245919.9871671819,1.0,6.123233995736766e-17,25,1
2020-03-01,Hamilton,DEMO-1,162159.84307006246,DEMO,2.2894559323065047,5.814442415763899,2.296326366201412,6.066468365974522,2020-04-01,157096.15411885883,11.964619708986437,205024.8438062124,160926.23547653054,127808.47766920029,179101.86054103173,176311.5108642081,24867.32074302142,157234.53988724458,0.8660254037844387,-0.4999999999999998,26,1
2020-03-01,Kitchener-Cambridge-Waterloo,DEMO-2,212419.03269609791,DEMO,2.2894559323065047,5.814442415763899,2.296326366201412,6.066468365974522,2020-04-01,221631.71053223708,12.308776833666919,192905.43606430336,194621.01643718444,165387.45672563594,211481.7490677144,194381.09684586246,17347.24271937689,212937.5602415574,0.8660254037844387,-0.4999999999999998,26,1
2020-03-01,London,DEMO-3,197623.8549394419,DEMO,2.2894559323065047,5.814442415763899,2.296326366201412,6.066468365974522,2020-04-01,211699.1781827272,12.262926298798215,254032.5477221508,205029.58766024213,202494.64311384695,213395.98798933727,224637.63250160814,28279.630792756416,242728.22580872066,0.8660254037844387,-0.4999999999999998,26,1
2020-03-01,Toronto,DEMO-0,149275.5384672715,DEMO,2.2894559323065047,5.814442415763899,2.296326366201412,6.066468365974522,2020-04-01,143488.3198936588,11.874015885583912,177572.39782670548,164257.95940377613,113938.89335962998,179570.30763826016,168906.5321779167,17039.76488868246,157849.80540091216,0.8660254037844387,-0.4999999999999998,26,1
2020-03-01,Windsor,DEMO-4,234180.47680154853,DEMO,2.2894559323065047,5.814442415763899,2.296326366201412,6.066468365974522,2020-04-01,274314.54917091405,12.522034362052253,272044.40038769174,247243.63999887707,221798.52821838844,245919.9871671819,252466.9766917783,18964.942407990173,236513.90348431794,0.8660254037844387,-0.4999999999999998,26,1
2020-04-01,Hamilton,DEMO-1,157096.15411885883,DEMO,2.279078104702556,6.133679463243382,2.2894559323065047,5.814442415763899,2020-05-01,159736.8236157501,11.981289147837122,162159.84307006246,161749.84571634943,129291.23705272008,157234.53988724458,174760.28033171123,26331.883490840843,163590.8642592082,0.49999999999999994,-0.8660254037844387,27,1
2020-04-01,Kitchener-Cambridge-Waterloo,DEMO-2,221631.71053223708,DEMO,2.279078104702556,6.133679463243382,2.2894559323065047,5.814442415763899,2020-05-01,177650.3026371519,12.087577934026578,212419.03269609791,177818.82177718612,175904.70556911555,212937.5602415574,208985.3930975461,14667.72381357555,208211.22571218127,0.49999999999999994,-0.8660254037844387,27,1
2020-04-01,London,DEMO-3,211699.1781827272,DEMO,2.279078104702556,6.133679463243382,2.2894559323065047,5.814442415763899,2020-05-01,209820.08740424443,12.254010481829688,197623.8549394419,222256.49484323172,203608.6821603159,242728.22580872066,221118.52694810662,29360.317670904118,212580.98747466636,0.49999999999999994,-0.8660254037844387,27,1
2020-04-01,Toronto,DEMO-0,143488.3198936588,DEMO,2.279078104702556,6.133679463243382,2.2894559323065047,5.814442415763899,2020-05-01,139453.31524668177,11.845492337336138,149275.5384672715,179871.66023977307,109207.24366157493,157849.80540091216,156778.75206254525,18238.825423494854,157669.2955126815,0.49999999999999994,-0.8660254037844387,27,1
2020-04-01,Windsor,DEMO-4,274314.54917091405,DEMO,2.279078104702556,6.133679463243382,2.2894559323065047,5.814442415763899,2020-05-01,208660.07748763982,12.248466575852392,234180.47680154853,251176.05288609464,245731.63721211688,236513.90348431794,260179.8087867181,22544.674351846134,229236.1102046783,0.49999999999999994,-0.8660254037844387,27,1
2020-05-01,Hamilton,DEMO-1,159736.8236157501,DEMO,2.2652389899874934,5.6983003192782995,2.279078104702556,6.133679463243382,2020-06-01,156057.65876391804,11.957987233272153,157096.15411885883,205024.8438062124,154575.61223049197,163590.8642592082,159664.27360155713,2532.6239509753154,149735.4575725129,1.2246467991473532e-16,-1.0,28,1
2020-05-01,Kitchener-Cambridge-Waterloo,DEMO-2,177650.3026371519,DEMO,2.2652389899874934,5.6983003192782995,2.279078104702556,6.133679463243382,2020-06-01,185340.242277149,12.129953957811372,221631.71053223708,192905.43606430336,157543.4969851034,208211.22571218127,203900.34862182895,23195.194413420533,163009.52363036235,1.2246467991473532e-16,-1.0,28,1
2020-05-01,London,DEMO-3,209820.08740424443,DEMO,2.2652389899874934,5.6983003192782995,2.279078104702556,6.133679463243382,2020-06-01,178616.12892861012,12.092999849480938,211699.1781827272,254032.5477221508,208435.08062299123,212580.98747466636,206381.04017547113,7641.921583086644,198917.01270407008,1.2246467991473532e-16,-1.0,28,1
2020-05-01,Toronto,DEMO-0,139453.31524668177,DEMO,2.2652389899874934,5.6983003192782995,2.279078104702556,6.133679463243382,2020-06-01,137385.31624622032,11.830552063172046,143488.3198936588,177572.39782670548,113700.84218412478,157669.2955126815,144072.39120253734,4937.091423010272,143337.2525862241,1.2246467991473532e-16,-1.0,28,1
2020-05-01,Windsor,DEMO-4,208660.07748763982,DEMO,2.2652389899874934,5.6983003192782995,2.279078104702556,6.133679463243382,2020-06-01,213234.58771842616,12.270152879100161,274314.54917091405,272044.40038769174,231583.2507034509,229236.1102046783,239051.7011533675,33097.19071185316,231668.63894796977,1.2246467991473532e-16,-1.0,28,1
2020-06-01,Hamilton,DEMO-1,156057.65876391804,DEMO,2.2480000725607665,5.66072970168802,2.2652389899874934,5.6983003192782995,2020-07-01,157666.00484736936,11.96824052371298,159736.8236157501,162159.84307006246,160926.23547653054,149735.4575725129,157630.21216617568,1896.8334139206415,135879.39513468486,-0.4999999999999997,-0.8660254037844388,29,1
2020-06-01,Kitchener-Cambridge-Waterloo,DEMO-2,185340.242277149,DEMO,2.2480000725607665,5.66072970168802,2.2652389899874934,5.6983003192782995,2020-07-01,159702.85874036336,11.981076496343027,177650.3026371519,212419.03269609791,194621.01643718444,163009.52363036235,194874.085148846,23489.607915738532,170937.21542000593,-0.4999999999999997,-0.8660254037844388,29,1
2020-06-01,London,DEMO-3,178616.12892861012,DEMO,2.2480000725607665,5.66072970168802,2.2652389899874934,5.6983003192782995,2020-07-01,208167.67132785657,12.246103949911065,209820.08740424443,197623.8549394419,205029.58766024213,198917.01270407008,200045.1315051939,18581.828734246657,220906.08486644243,-0.4999999999999997,-0.8660254037844388,29,1
2020-06-01,Toronto,DEMO-0,137385.31624622032,DEMO,2.2480000725607665,5.66072970168802,2.2652389899874934,5.6983003192782995,2020-07-01,142879.73034457996,11.869765507691467,139453.31524668177,149275.5384672715,164257.95940377613,143337.2525862241,140108.9837955203,3103.8829415123714,117249.82344063971,-0.4999999999999997,-0.8660254037844388,29,1
2020-06-01,Windsor,DEMO-4,213234.58771842616,DEMO,2.2480000725607665,5.66072970168802,2.2652389899874934,5.6983003192782995,2020-07-01,200681.23645644207,12.209478022927371,208660.07748763982,234180.47680154853,247243.63999887707,231668.63894796977,232069.73812566002,36656.50803267823,235115.1904199717,-0.4999999999999997,-0.8660254037844388,29,1
2020-07-01,Hamilton,DEMO-1,157666.00484736936,DEMO,2.227437941460545,5.957816957199572,2.2480000725607665,5.66072970168802,2020-08-01,141306.87894294463,11.858696327506918,156057.65876391804,157096.15411885883,161749.84571634943,135879.39513468486,157820.1624090125,1844.420482725335,168012.17085848673,-0.8660254037844384,-0.5000000000000004,30,1
2020-07-01,Kitchener-Cambridge-Waterloo,DEMO-2,159702.85874036336,DEMO,2.227437941460545,5.957816957199572,2.2480000725607665,5.66072970168802,2020-08-01,158282.71270579915,11.972144351793625,185340.242277149,221631.71053223708,177818.82177718612,170937.21542000593,174231.13455155477,13156.24914066457,178111.42887879803,-0.8660254037844384,-0.5000000000000004,30,1
2020-07-01,London,DEMO-3,208167.67132785657,DEMO,2.227437941460545,5.957816957199572,2.2480000725607665,5.66072970168802,2020-08-01,179097.55982104345,12.09569154681627,178616.12892861012,211699.1781827272,222256.49484323172,220906.08486644243,198867.96255357037,17558.05210159097,198726.22288306558,-0.8660254037844384,-0.5000000000000004,30,1
2020-07-01,Toronto,DEMO-0,142879.73034457996,DEMO,2.227437941460545,5.957816957199572,2.2480000725607665,5.66072970168802,2020-08-01,108556.14064860129,11.595031955258056,137385.31624622032,143488.3198936588,179871.66023977307,117249.82344063971,139906.12061249404,2775.053350035317,120441.31609155265,-0.8660254037844384,-0.5000000000000004,30,1
2020-07-01,Windsor,DEMO-4,200681.23645644207,DEMO,2.227437941460545,5.957816957199572,2.2480000725607665,5.66072970168802,2020-08-01,212389.54808189877,12.26618206680371,213234.58771842616,274314.54917091405,251176.05288609464,235115.1904199717,207525.30055416934,6353.144575187879,206688.5021201645,-0.8660254037844384,-0.5000000000000004,30,1
2020-08-01,Hamilton,DEMO-1,141306.87894294463,DEMO,2.2036439500940492,5.378500071970567,2.227437941460545,5.957816957199572,2020-09-01,133408.79171534372,11.801180810934422,157666.00484736936,159736.8236157501,205024.8438062124,168012.17085848673,151676.84751807732,9016.589181501331,127808.47766920029,-1.0,-1.8369701987210297e-16,31,1
2020-08-01,Kitchener-Cambridge-Waterloo,DEMO-2,158282.71270579915,DEMO,2.2036439500940492,5.378500071970567,2.227437941460545,5.957816957199572,2020-09-01,176014.48310360254,12.078327242330523,159702.85874036336,177650.3026371519,192905.43606430336,178111.42887879803,167775.27124110385,15228.2749946506,165387.45672563594,-1.0,-1.8369701987210297e-16,31,1
2020-08-01,London,DEMO-3,179097.55982104345,DEMO,2.2036439500940492,5.378500071970567,2.227437941460545,5.957816957199572,2020-09-01,201108.76664446088,12.211606140690154,208167.67132785657,209820.08740424443,254032.5477221508,198726.22288306558,188627.12002583672,16924.32577139201,202494.64311384695,-1.0,-1.8369701987210297e-16,31,1
2020-08-01,Toronto,DEMO-0,108556.14064860129,DEMO,2.2036439500940492,5.378500071970567,2.227437941460545,5.957816957199572,2020-09-01,100888.3600916715,11.521779750748466,142879.73034457996,139453.31524668177,177572.39782670548,120441.31609155265,129607.06241313384,18436.46188734202,113938.89335962998,-1.0,-1.8369701987210297e-16,31,1
2020-08-01,Windsor,DEMO-4,212389.54808189877,DEMO,2.2036439500940492,5.378500071970567,2.227437941460545,5.957816957199572,2020-09-01,212653.092868805,12.267422147469542,200681.23645644207,208660.07748763982,272044.40038769174,206688.5021201645,208768.45741892233,7016.472060003384,221798.52821838844,-1.0,-1.8369701987210297e-16,31,1
2020-09-01,Hamilton,DEMO-1,133408.79171534372,DEMO,2.176723810372757,5.273639864036673,2.2036439500940492,5.378500071970567,2020-10-01,138150.82106727146,11.836108512076276,141306.87894294463,156057.65876391804,162159.84307006246,127808.47766920029,144127.22516855257,12372.100139319657,129291.23705272008,-0.8660254037844386,0.5000000000000001,32,1
2020-09-01,Kitchener-Cambridge-Waterloo,DEMO-2,176014.48310360254,DEMO,2.176723810372757,5.273639864036673,2.2036439500940492,5.378500071970567,2020-10-01,148453.86153987562,11.908036228324427,158282.71270579915,185340.242277149,212419.03269609791,165387.45672563594,164666.6848499217,9853.100912634194,175904.70556911555,-0.8660254037844386,0.5000000000000001,32,1
2020-09-01,London,DEMO-3,201108.76664446088,DEMO,2.176723810372757,5.273639864036673,2.2036439500940492,5.378500071970567,2020-10-01,160827.50469559967,11.988093888024347,179097.55982104345,178616.12892861012,197623.8549394419,202494.64311384695,196124.66593112028,15162.413748977531,203608.6821603159,-0.8660254037844386,0.5000000000000001,32,1
2020-09-01,Toronto,DEMO-0,100888.3600916715,DEMO,2.176723810372757,5.273639864036673,2.2036439500940492,5.378500071970567,2020-10-01,144449.80215154213,11.88069425902221,108556.14064860129,137385.31624622032,149275.5384672715,113938.89335962998,117441.41036161757,22361.3462773151,109207.24366157493,-0.8660254037844386,0.5000000000000001,32,1
2020-09-01,Windsor,DEMO-4,212653.092868805,DEMO,2.176723810372757,5.273639864036673,2.2036439500940492,5.378500071970567,2020-10-01,228964.5238596974,12.341326720371447,212389.54808189877,213234.58771842616,234180.47680154853,221798.52821838844,208574.62580238192,6837.145638979876,245731.63721211688,-0.8660254037844386,0.5000000000000001,32,1
2020-10-01,Hamilton,DEMO-1,138150.82106727146,DEMO,2.146797123055672,5.29196387115844,2.176723810372757,5.273639864036673,2020-11-01,137742.21335862254,11.83314645798747,133408.79171534372,157666.00484736936,157096.15411885883,129291.23705272008,137622.16390851993,3975.494215480766,154575.61223049197,-0.5000000000000004,0.8660254037844384,33,1
2020-10-01,Kitchener-Cambridge-Waterloo,DEMO-2,148453.86153987562,DEMO,2.146797123055672,5.29196387115844,2.176723810372757,5.273639864036673,2020-11-01,192465.06451020186,12.167675128910682,176014.48310360254,159702.85874036336,221631.71053223708,175904.70556911555,160917.01911642577,13967.878970822363,157543.4969851034,-0.5000000000000004,0.8660254037844384,33,1
2020-10-01,London,DEMO-3,160827.50469559967,DEMO,2.146797123055672,5.29196387115844,2.176723810372757,5.273639864036673,2020-11-01,202594.99816235487,12.218969118194703,201108.76664446088,208167.67132785657,211699.1781827272,203608.6821603159,180344.61038703463,20169.565374191894,208435.08062299123,-0.5000000000000004,0.8660254037844384,33,1
2020-10-01,Toronto,DEMO-0,144449.80215154213,DEMO,2.146797123055672,5.29196387115844,2.176723810372757,5.273639864036673,2020-11-01,135041.5360176921,11.813345089405313,100888.3600916715,142879.73034457996,143488.3198936588,109207.24366157493,117964.76763060497,23254.924313975553,113700.84218412478,-0.5000000000000004,0.8660254037844384,33,1
2020-10-01,Windsor,DEMO-4,228964.5238596974,DEMO,2.146797123055672,5.29196387115844,2.176723810372757,5.273639864036673,2020-11-01,189727.1289066853,12.153347425935758,212653.092868805,200681.23645644207,274314.54917091405,245731.63721211688,218002.38827013373,9494.402375961226,231583.2507034509,-0.5000000000000004,0.8660254037844384,33,1
2020-11-01,Hamilton,DEMO-1,137742.21335862254,DEMO,2.1139968463872436,6.062057634401411,2.146797123055672,5.29196387115844,2020-12-01,168255.907220824,12.03324729998273,138150.82106727146,141306.87894294463,159736.8236157501,154575.61223049197,136433.94204707924,2627.811059054641,160926.23547653054,-2.4492935982947064e-16,1.0,34,1
2020-11-01,Kitchener-Cambridge-Waterloo,DEMO-2,192465.06451020186,DEMO,2.1139968463872436,6.062057634401411,2.146797123055672,5.29196387115844,2020-12-01,202440.96863319827,12.218208549807496,148453.86153987562,158282.71270579915,177650.3026371519,157543.4969851034,172311.13638456,22238.088483835476,194621.01643718444,-2.4492935982947064e-16,1.0,34,1
2020-11-01,London,DEMO-3,202594.99816235487,DEMO,2.1139968463872436,6.062057634401411,2.146797123055672,5.29196387115844,2020-12-01,207328.5705705455,12.242064934514948,160827.50469559967,179097.55982104345,209820.08740424443,208435.08062299123,188177.0898341385,23697.090042214804,205029.58766024213,-2.4492935982947064e-16,1.0,34,1
2020-11-01,Toronto,DEMO-0,135041.5360176921,DEMO,2.1139968463872436,6.062057634401411,2.146797123055672,5.29196387115844,2020-12-01,100833.14886258797,11.521232355645651,144449.80215154213,108556.14064860129,139453.31524668177,113700.84218412478,126793.23275363522,22922.165880120345,164257.95940377613,-2.4492935982947064e-16,1.0,34,1
2020-11-01,Windsor,DEMO-4,189727.1289066853,DEMO,2.1139968463872436,6.062057634401411,2.146797123055672,5.29196387115844,2020-12-01,216255.7680903688,12.284221721832086,228964.5238596974,212389.54808189877,208660.07748763982,231583.2507034509,210448.24854506258,19711.400116268163,247243.63999887707,-2.4492935982947064e-16,1.0,34,1
2020-12-01,Hamilton,DEMO-1,168255.907220824,DEMO,2.0784687053906596,5.506204437653555,2.1139968463872436,6.062057634401411,2021-01-01,172762.82563284945,12.05968077103442,137742.21335862254,133408.79171534372,156057.65876391804,160926.23547653054,148049.64721557268,17500.32707165086,161749.84571634943,0.49999999999999994,0.8660254037844387,35,1
2020-12-01,Kitchener-Cambridge-Waterloo,DEMO-2,202440.96863319827,DEMO,2.0784687053906596,5.506204437653555,2.1139968463872436,6.062057634401411,2021-01-01,202164.21018047282,12.216840514288698,192465.06451020186,176014.48310360254,185340.242277149,194621.01643718444,181119.96489442524,28726.040399703455,177818.82177718612,0.49999999999999994,0.8660254037844387,35,1
2020-12-01,London,DEMO-3,207328.5705705455,DEMO,2.0784687053906596,5.506204437653555,2.1139968463872436,6.062057634401411,2021-01-01,237747.16186146028,12.378967248985363,202594.99816235487,201108.76664446088,178616.12892861012,205029.58766024213,190250.35780949998,25590.62115224084,222256.49484323172,0.49999999999999994,0.8660254037844387,35,1
2020-12-01,Toronto,DEMO-0,100833.14886258797,DEMO,2.0784687053906596,5.506204437653555,2.1139968463872436,6.062057634401411,2021-01-01,137981.9760890201,11.834885594855898,135041.5360176921,100888.3600916715,137385.31624622032,164257.95940377613,126774.8290106074,22953.364559208847,179871.66023977307,0.49999999999999994,0.8660254037844387,35,1
2020-12-01,Windsor,DEMO-4,216255.7680903688,DEMO,2.0784687053906596,5.506204437653555,2.1139968463872436,6.062057634401411,2021-01-01,261862.2122989332,12.475577555944467,189727.1289066853,212653.092868805,213234.58771842616,247243.63999887707,211649.14028558382,20020.21616950041,251176.05288609464,0.49999999999999994,0.8660254037844387,35,1
2021-01-01,Hamilton,DEMO-1,172762.82563284945,DEMO,2.040370544440921,5.511348227055374,2.0784687053906596,5.506204437653555,2021-02-01,184142.38211990974,12.123469983784654,168255.907220824,138150.82106727146,157666.00484736936,161749.84571634943,159586.98207076534,19051.86391034806,205024.8438062124,0.8660254037844386,0.5000000000000001,36,1
2021-01-01,Kitchener-Cambridge-Waterloo,DEMO-2,202164.21018047282,DEMO,2.040370544440921,5.511348227055374,2.0784687053906596,5.506204437653555,2021-02-01,207466.6335334428,12.242730623514921,202440.96863319827,148453.86153987562,159702.85874036336,177818.82177718612,199023.41444129098,5681.383121587295,192905.43606430336,0.8660254037844386,0.5000000000000001,36,1
2021-01-01,London,DEMO-3,237747.16186146028,DEMO,2.040370544440921,5.511348227055374,2.0784687053906596,5.506204437653555,2021-02-01,210866.39845403336,12.2589847715591,207328.5705705455,160827.50469559967,208167.67132785657,222256.49484323172,215890.24353145354,19076.04089163523,254032.5477221508,0.8660254037844386,0.5000000000000001,36,1
2021-01-01,Toronto,DEMO-0,137981.9760890201,DEMO,2.040370544440921,5.511348227055374,2.0784687053906596,5.506204437653555,2021-02-01,140091.0992903556,11.850055337375586,100833.14886258797,144449.80215154213,142879.73034457996,179871.66023977307,124618.88698976673,20651.453959571714,177572.39782670548,0.8660254037844386,0.5000000000000001,36,1
2021-01-01,Windsor,DEMO-4,261862.2122989332,DEMO,2.040370544440921,5.511348227055374,2.0784687053906596,5.506204437653555,2021-02-01,269463.0823071275,12.504190385151018,216255.7680903688,228964.5238596974,200681.23645644207,251176.05288609464,222615.03643199577,36485.583240264255,272044.40038769174,0.8660254037844386,0.5000000000000001,36,1
2021-02-01,Hamilton,DEMO-1,184142.38211990974,DEMO,1.9998716259940712,5.341012293117669,2.040370544440921,5.511348227055374,2021-03-01,175871.1569222259,12.077512628953981,172762.82563284945,137742.21335862254,141306.87894294463,205024.8438062124,175053.70499119442,8187.253346250455,162159.84307006246,1.0,6.123233995736766e-17,37,1
2021-02-01,Kitchener-Cambridge-Waterloo,DEMO-2,207466.6335334428,DEMO,1.9998716259940712,5.341012293117669,2.040370544440921,5.511348227055374,2021-03-01,232639.41598336425,12.357249261424748,202164.21018047282,192465.06451020186,158282.71270579915,192905.43606430336,204023.93744903794,2984.671850887097,212419.03269609791,1.0,6.123233995736766e-17,37,1
2021-02-01,London,DEMO-3,210866.39845403336,DEMO,1.9998716259940712,5.341012293117669,2.040370544440921,5.511348227055374,2021-03-01,240382.96421351263,12.389992774815646,237747.16186146028,202594.99816235487,179097.55982104345,254032.5477221508,218647.37696201305,16635.215476126723,197623.8549394419,1.0,6.123233995736766e-17,37,1
2021-02-01,Toronto,DEMO-0,140091.0992903556,DEMO,1.9998716259940712,5.341012293117669,2.040370544440921,5.511348227055374,2021-03-01,174208.97797923407,12.068016620630628,137981.9760890201,135041.5360176921,108556.14064860129,177572.39782670548,126302.07474732124,22081.932421351357,149275.5384672715,1.0,6.123233995736766e-17,37,1
2021-02-01,Windsor,DEMO-4,269463.0823071275,DEMO,1.9998716259940712,5.341012293117669,2.040370544440921,5.511348227055374,2021-03-01,270252.84947806783,12.50711697953717,261862.2122989332,189727.1289066853,212389.54808189877,272044.40038769174,249193.6875654765,28777.129994700193,234180.47680154853,1.0,6.123233995736766e-17,37,1
2021-03-01,Hamilton,DEMO-1,175871.1569222259,DEMO,1.9571518785881978,5.553764981494929,1.9998716259940712,5.341012293117669,2021-04-01,179237.31591634068,12.096471573164914,184142.38211990974,168255.907220824,133408.79171534372,162159.84307006246,177592.12155832836,5881.740041823197,157096.15411885883,0.8660254037844387,-0.4999999999999998,38,1
2021-03-01,Kitchener-Cambridge-Waterloo,DEMO-2,232639.41598336425,DEMO,1.9571518785881978,5.553764981494929,1.9998716259940712,5.341012293117669,2021-04-01,201440.78949304507,12.213255732742713,207466.6335334428,202440.96863319827,176014.48310360254,212419.03269609791,214090.08656575996,16281.496851814316,221631.71053223708,0.8660254037844387,-0.4999999999999998,38,1
2021-03-01,London,DEMO-3,240382.96421351263,DEMO,1.9571518785881978,5.553764981494929,1.9998716259940712,5.341012293117669,2021-04-01,238036.86467929298,12.380185035290445,210866.39845403336,207328.5705705455,201108.76664446088,197623.8549394419,229665.50817633545,16333.761302074328,211699.1781827272,0.8660254037844387,-0.4999999999999998,38,1
2021-03-01,Toronto,DEMO-0,174208.97797923407,DEMO,1.9571518785881978,5.553764981494929,1.9998716259940712,5.341012293117669,2021-04-01,164581.94555464742,12.011169950402921,140091.0992903556,100833.14886258797,100888.3600916715,149275.5384672715,150760.68445286993,20334.181865604995,143488.3198936588,0.8660254037844387,-0.4999999999999998,38,1
2021-03-01,Windsor,DEMO-4,270252.84947806783,DEMO,1.9571518785881978,5.553764981494929,1.9998716259940712,5.341012293117669,2021-04-01,258441.06180291492,12.46242681551876,269463.0823071275,216255.7680903688,212653.092868805,234180.47680154853,267192.7146947095,4633.208919270089,274314.54917091405,0.8660254037844387,-0.4999999999999998,38,1
2021-04-01,Hamilton,DEMO-1,179237.31591634068,DEMO,1.9124010974571712,5.782335227225989,1.9571518785881978,5.553764981494929,2021-05-01,167349.16799093416,12.027843710468872,175871.1569222259,172762.82563284945,138150.82106727146,157096.15411885883,179750.28498615875,4159.404346495232,159736.8236157501,0.49999999999999994,-0.8660254037844387,39,1
2021-04-01,Kitchener-Cambridge-Waterloo,DEMO-2,201440.78949304507,DEMO,1.9124010974571712,5.782335227225989,1.9571518785881978,5.553764981494929,2021-05-01,207327.7588119604,12.242061019201893,232639.41598336425,202164.21018047282,148453.86153987562,221631.71053223708,213848.94633661737,16549.59248014268,177650.3026371519,0.49999999999999994,-0.8660254037844387,39,1
2021-04-01,London,DEMO-3,238036.86467929298,DEMO,1.9124010974571712,5.782335227225989,1.9571518785881978,5.553764981494929,2021-05-01,229806.21220828782,12.3449960286227,240382.96421351263,237747.16186146028,160827.50469559967,211699.1781827272,229762.07578227963,16406.127270810226,209820.08740424443,0.49999999999999994,-0.8660254037844387,39,1
2021-04-01,Toronto,DEMO-0,164581.94555464742,DEMO,1.9124010974571712,5.782335227225989,1.9571518785881978,5.553764981494929,2021-05-01,166096.8896502037,12.020332590223886,174208.97797923407,137981.9760890201,144449.80215154213,143488.3198936588,159627.34094141237,17590.295384454832,139453.31524668177,0.49999999999999994,-0.8660254037844387,39,1
2021-04-01,Windsor,DEMO-4,258441.06180291492,DEMO,1.9124010974571712,5.782335227225989,1.9571518785881978,5.553764981494929,2021-05-01,249746.80951032272,12.428206925742899,270252.84947806783,261862.2122989332,228964.5238596974,274314.54917091405,266052.3311960367,6603.370304403369,208660.07748763982,0.49999999999999994,-0.8660254037844387,39,1
2021-05-01,Hamilton,DEMO-1,167349.16799093416,DEMO,1.8658181013086497,5.3769972978120855,1.9124010974571712,5.782335227225989,2021-06-01,189020.65484008275,12.14961686335192,179237.31591634068,184142.38211990974,137742.21335862254,159736.8236157501,174152.5469431669,6127.579495133334,156057.65876391804,1.2246467991473532e-16,-1.0,40,1
2021-05-01,Kitchener-Cambridge-Waterloo,DEMO-2,207327.7588119604,DEMO,1.8658181013086497,5.3769972978120855,1.9124010974571712,5.782335227225989,2021-06-01,203629.58366678774,12.224062766850858,201440.78949304507,207466.6335334428,192465.06451020186,177650.3026371519,213802.65476278993,16576.543122773575,185340.242277149,1.2246467991473532e-16,-1.0,40,1
2021-05-01,London,DEMO-3,229806.21220828782,DEMO,1.8658181013086497,5.3769972978120855,1.9124010974571712,5.782335227225989,2021-06-01,198923.5650969252,12.200680961976788,238036.86467929298,210866.39845403336,202594.99816235487,209820.08740424443,236075.3470336978,5554.510270986854,178616.12892861012,1.2246467991473532e-16,-1.0,40,1
2021-05-01,Toronto,DEMO-0,166096.8896502037,DEMO,1.8658181013086497,5.3769972978120855,1.9124010974571712,5.782335227225989,2021-06-01,150828.6215234505,11.923906144466903,164581.94555464742,140091.0992903556,135041.5360176921,139453.31524668177,168295.93772802842,5176.5623402455085,137385.31624622032,1.2246467991473532e-16,-1.0,40,1
2021-05-01,Windsor,DEMO-4,249746.80951032272,DEMO,1.8658181013086497,5.3769972978120855,1.9124010974571712,5.782335227225989,2021-06-01,224863.4633350262,12.32325311450205,258441.06180291492,269463.0823071275,189727.1289066853,208660.07748763982,259480.24026376847,10292.440803561367,213234.58771842616,1.2246467991473532e-16,-1.0,40,1
2021-06-01,Hamilton,DEMO-1,189020.65484008275,DEMO,1.8176098490125998,5.508751994786962,1.8658181013086497,5.3769972978120855,2021-07-01,171661.67847687233,12.053286658534333,167349.16799093416,175871.1569222259,168255.907220824,156057.65876391804,178535.71291578587,10852.76557569529,157666.00484736936,-0.4999999999999997,-0.8660254037844388,41,0
2021-06-01,Kitchener-Cambridge-Waterloo,DEMO-2,203629.58366678774,DEMO,1.8176098490125998,5.508751994786962,1.8658181013086497,5.3769972978120855,2021-07-01,190396.55218200554,12.156869545069815,207327.7588119604,232639.41598336425,202440.96863319827,185340.242277149,204132.71065726443,2975.559530051515,159702.85874036336,-0.4999999999999997,-0.8660254037844388,41,0
2021-06-01,London,DEMO-3,198923.5650969252,DEMO,1.8176098490125998,5.508751994786962,1.8658181013086497,5.3769972978120855,2021-07-01,218794.43424391944,12.295892482054102,229806.21220828782,240382.96421351263,207328.5705705455,178616.12892861012,222255.54732816867,20620.910652876555,208167.67132785657,-0.4999999999999997,-0.8660254037844388,41,0
2021-06-01,Toronto,DEMO-0,150828.6215234505,DEMO,1.8176098490125998,5.508751994786962,1.8658181013086497,5.3769972978120855,2021-07-01,132571.24354037762,11.794883010089219,166096.8896502037,174208.97797923407,100833.14886258797,137385.31624622032,160502.48557610053,8411.985389016629,142879.73034457996,-0.4999999999999997,-0.8660254037844388,41,0
2021-06-01,Windsor,DEMO-4,224863.4633350262,DEMO,1.8176098490125998,5.508751994786962,1.8658181013086497,5.3769972978120855,2021-07-01,223434.66869199462,12.316878815773075,249746.80951032272,270252.84947806783,216255.7680903688,213234.58771842616,244350.44488275461,17427.115168981414,200681.23645644207,-0.4999999999999997,-0.8660254037844388,41,0
2021-07-01,Hamilton,DEMO-1,171661.67847687233,DEMO,1.7679905201247241,5.422811862308226,1.8176098490125998,5.508751994786962,2021-08-01,180853.95912551627,12.105450658212563,189020.65484008275,179237.31591634068,172762.82563284945,157666.00484736936,176010.50043596307,11471.596440213036,141306.87894294463,-0.8660254037844384,-0.5000000000000004,42,0
2021-07-01,Kitchener-Cambridge-Waterloo,DEMO-2,190396.55218200554,DEMO,1.7679905201247241,5.422811862308226,1.8176098490125998,5.508751994786962,2021-08-01,215557.9699533792,12.280989793567743,203629.58366678774,201440.78949304507,202164.21018047282,159702.85874036336,200451.29822025122,8901.829209286934,158282.71270579915,-0.8660254037844384,-0.5000000000000004,42,0
2021-07-01,London,DEMO-3,218794.43424391944,DEMO,1.7679905201247241,5.422811862308226,1.8176098490125998,5.508751994786962,2021-08-01,242381.50858445957,12.398272371268654,198923.5650969252,238036.86467929298,237747.16186146028,208167.67132785657,215841.4038497108,15651.669704318605,179097.55982104345,-0.8660254037844384,-0.5000000000000004,42,0
2021-07-01,Toronto,DEMO-0,132571.24354037762,DEMO,1.7679905201247241,5.422811862308226,1.8176098490125998,5.508751994786962,2021-08-01,140411.22907003047,11.852337868419115,150828.6215234505,164581.94555464742,137981.9760890201,142879.73034457996,149832.25157134395,16785.017175487697,108556.14064860129,-0.8660254037844384,-0.5000000000000004,42,0
2021-07-01,Windsor,DEMO-4,223434.66869199462,DEMO,1.7679905201247241,5.422811862308226,1.8176098490125998,5.508751994786962,2021-08-01,242907.30821013547,12.400439318646297,224863.4633350262,258441.06180291492,261862.2122989332,200681.23645644207,232681.64717911452,14796.120693474219,212389.54808189877,-0.8660254037844384,-0.5000000000000004,42,0
2021-08-01,Hamilton,DEMO-1,180853.95912551627,DEMO,1.717180563329826,5.455312523525216,1.7679905201247241,5.422811862308226,2021-09-01,167737.86431712864,12.030163670020244,171661.67847687233,167349.16799093416,184142.38211990974,141306.87894294463,180512.09748082375,8684.536091968846,133408.79171534372,-1.0,-1.8369701987210297e-16,43,0
2021-08-01,Kitchener-Cambridge-Waterloo,DEMO-2,215557.9699533792,DEMO,1.717180563329826,5.455312523525216,1.7679905201247241,5.422811862308226,2021-09-01,178906.65853011125,12.094625077580595,190396.55218200554,207327.7588119604,207466.6335334428,158282.71270579915,203194.7019340575,12586.344888707928,176014.48310360254,-1.0,-1.8369701987210297e-16,43,0
2021-08-01,London,DEMO-3,242381.50858445957,DEMO,1.717180563329826,5.455312523525216,1.7679905201247241,5.422811862308226,2021-09-01,224496.77836049988,12.32162109017116,218794.43424391944,229806.21220828782,210866.39845403336,179097.55982104345,220033.16930843474,21755.43751482566,201108.76664446088,-1.0,-1.8369701987210297e-16,43,0
2021-08-01,Toronto,DEMO-0,140411.22907003047,DEMO,1.717180563329826,5.455312523525216,1.7679905201247241,5.422811862308226,2021-09-01,130667.50417063673,11.780418892535996,132571.24354037762,166096.8896502037,140091.0992903556,108556.14064860129,141270.36471128624,9158.959997824664,100888.3600916715,-1.0,-1.8369701987210297e-16,43,0
2021-08-01,Windsor,DEMO-4,242907.30821013547,DEMO,1.717180563329826,5.455312523525216,1.7679905201247241,5.422811862308226,2021-09-01,241830.78774860437,12.395997671502496,223434.66869199462,249746.80951032272,269463.0823071275,212389.54808189877,230401.81341238544,10853.612930052615,212653.092868805,-1.0,-1.8369701987210297e-16,43,0
2021-09-01,Hamilton,DEMO-1,167737.86431712864,DEMO,1.6654057170327068,5.828299636337828,1.717180563329826,5.455312523525216,2021-10-01,145870.73988480703,11.890483020648853,180853.95912551627,189020.65484008275,175871.1569222259,133408.79171534372,173417.83397317238,6732.090860278291,138150.82106727146,-0.8660254037844386,0.5000000000000001,44,0
2021-09-01,Kitchener-Cambridge-Waterloo,DEMO-2,178906.65853011125,DEMO,1.6654057170327068,5.828299636337828,1.717180563329826,5.455312523525216,2021-10-01,183624.96643412078,12.120656176548078,215557.9699533792,203629.58366678774,232639.41598336425,176014.48310360254,194953.72688849867,18745.81388578461,148453.86153987562,-0.8660254037844386,0.5000000000000001,44,0
2021-09-01,London,DEMO-3,224496.77836049988,DEMO,1.6654057170327068,5.828299636337828,1.717180563329826,5.455312523525216,2021-10-01,226727.35961404722,12.331507926219203,242381.50858445957,198923.5650969252,240382.96421351263,201108.76664446088,228557.57372962628,12306.708059387189,160827.50469559967,-0.8660254037844386,0.5000000000000001,44,0
2021-09-01,Toronto,DEMO-0,130667.50417063673,DEMO,1.6654057170327068,5.828299636337828,1.717180563329826,5.455312523525216,2021-10-01,121657.31685450257,11.70897171294834,140411.22907003047,150828.6215234505,174208.97797923407,100888.3600916715,134549.99226034828,5164.45820985628,144449.80215154213,-0.8660254037844386,0.5000000000000001,44,0
2021-09-01,Windsor,DEMO-4,241830.78774860437,DEMO,1.6654057170327068,5.828299636337828,1.717180563329826,5.455312523525216,2021-10-01,224003.8310524447,12.319422897803022,242907.30821013547,224863.4633350262,270252.84947806783,212653.092868805,236057.5882169115,10945.012429203556,228964.5238596974,-0.8660254037844386,0.5000000000000001,44,0
2021-10-01,Hamilton,DEMO-1,145870.73988480703,DEMO,1.6128960064478939,6.275141264655165,1.6654057170327068,5.828299636337828,2021-11-01,185539.99020538377,12.131031108076625,167737.86431712864,171661.67847687233,179237.31591634068,138150.82106727146,164820.85444248398,17673.090195759843,137742.21335862254,-0.5000000000000004,0.8660254037844384,45,0
2021-10-01,Kitchener-Cambridge-Waterloo,DEMO-2,183624.96643412078,DEMO,1.6128960064478939,6.275141264655165,1.6654057170327068,5.828299636337828,2021-11-01,196501.36190667408,12.188429730100507,178906.65853011125,190396.55218200554,201440.78949304507,148453.86153987562,192696.53163920375,19938.64661189177,192465.06451020186,-0.5000000000000004,0.8660254037844384,45,0
2021-10-01,London,DEMO-3,226727.35961404722,DEMO,1.6128960064478939,6.275141264655165,1.6654057170327068,5.828299636337828,2021-11-01,212456.99502457844,12.266499577334654,224496.77836049988,218794.43424391944,238036.86467929298,160827.50469559967,231201.88218633554,9745.866199748354,202594.99816235487,-0.5000000000000004,0.8660254037844384,45,0
2021-10-01,Toronto,DEMO-0,121657.31685450257,DEMO,1.6128960064478939,6.275141264655165,1.6654057170327068,5.828299636337828,2021-11-01,137036.23929129855,11.828007987518511,130667.50417063673,132571.24354037762,164581.94555464742,144449.80215154213,130912.01669838994,9379.346759188462,135041.5360176921,-0.5000000000000004,0.8660254037844384,45,0
2021-10-01,Windsor,DEMO-4,224003.8310524447,DEMO,1.6128960064478939,6.275141264655165,1.6654057170327068,5.828299636337828,2021-11-01,225020.0950373322,12.32394943251324,241830.78774860437,223434.66869199462,258441.06180291492,228964.5238596974,236247.3090037282,10616.816299329008,189727.1289066853,-0.5000000000000004,0.8660254037844384,45,0
2021-11-01,Hamilton,DEMO-1,185539.99020538377,DEMO,1.5598847216439418,5.968825971710807,1.6128960064478939,6.275141264655165,2021-12-01,196299.521730654,12.187402038084016,145870.73988480703,180853.95912551627,167349.16799093416,137742.21335862254,166382.8648024398,19869.307310843764,168255.907220824,-2.4492935982947064e-16,1.0,46,0
2021-11-01,Kitchener-Cambridge-Waterloo,DEMO-2,196501.36190667408,DEMO,1.5598847216439418,5.968825971710807,1.6128960064478939,6.275141264655165,2021-12-01,218678.80564993998,12.295363864266726,183624.96643412078,215557.9699533792,207327.7588119604,192465.06451020186,186344.3289569687,9107.1178824761,202440.96863319827,-2.4492935982947064e-16,1.0,46,0
2021-11-01,London,DEMO-3,212456.99502457844,DEMO,1.5598847216439418,5.968825971710807,1.6128960064478939,6.275141264655165,2021-12-01,231589.16466554205,12.352724556877428,226727.35961404722,242381.50858445957,229806.21220828782,202594.99816235487,221227.04433304188,7676.535470955283,207328.5705705455,-2.4492935982947064e-16,1.0,46,0
2021-11-01,Toronto,DEMO-0,137036.23929129855,DEMO,1.5598847216439418,5.968825971710807,1.6128960064478939,6.275141264655165,2021-12-01,170796.11439517126,12.048231665552036,121657.31685450257,140411.22907003047,166096.8896502037,135041.5360176921,129787.02010547929,7727.176261157114,100833.14886258797,-2.4492935982947064e-16,1.0,46,0
2021-11-01,Windsor,DEMO-4,225020.0950373322,DEMO,1.5598847216439418,5.968825971710807,1.6128960064478939,6.275141264655165,2021-12-01,246551.02983110776,12.41532832455737,224003.8310524447,242907.30821013547,249746.80951032272,189727.1289066853,230284.90461279373,10011.930940687344,216255.7680903688,-2.4492935982947064e-16,1.0,46,0
2021-12-01,Hamilton,DEMO-1,196299.521730654,DEMO,1.5066073810826435,5.7591335952581675,1.5598847216439418,5.968825971710807,2022-01-01,178591.54486397174,12.092862204470286,185539.99020538377,167737.86431712864,189020.65484008275,168255.907220824,175903.41727361493,26559.615264833596,172762.82563284945,0.49999999999999994,0.8660254037844387,47,0
2021-12-01,Kitchener-Cambridge-Waterloo,DEMO-2,218678.80564993998,DEMO,1.5066073810826435,5.7591335952581675,1.5598847216439418,5.968825971710807,2022-01-01,226708.13181372028,12.331423117174067,196501.36190667408,178906.65853011125,203629.58366678774,202440.96863319827,199601.71133024493,17731.38561571858,202164.21018047282,0.49999999999999994,0.8660254037844387,47,0
2021-12-01,London,DEMO-3,231589.16466554205,DEMO,1.5066073810826435,5.7591335952581675,1.5598847216439418,5.968825971710807,2022-01-01,265834.56931143854,12.490633236140557,212456.99502457844,224496.77836049988,198923.5650969252,207328.5705705455,223591.17310138923,9944.180618547283,237747.16186146028,0.49999999999999994,0.8660254037844387,47,0
2021-12-01,Toronto,DEMO-0,170796.11439517126,DEMO,1.5066073810826435,5.7591335952581675,1.5598847216439418,5.968825971710807,2022-01-01,167797.27175290533,12.03051777351587,137036.23929129855,130667.50417063673,150828.6215234505,100833.14886258797,143163.22351365746,25135.837119170694,137981.9760890201,0.49999999999999994,0.8660254037844387,47,0
2021-12-01,Windsor,DEMO-4,246551.02983110776,DEMO,1.5066073810826435,5.7591335952581675,1.5598847216439418,5.968825971710807,2022-01-01,272081.51680224907,12.513860669867084,225020.0950373322,241830.78774860437,224863.4633350262,216255.7680903688,231858.31864029486,12734.402998343661,261862.2122989332,0.49999999999999994,0.8660254037844387,47,0
2022-01-01,Hamilton,DEMO-1,178591.54486397174,DEMO,1.453300685257936,5.822832417704478,1.5066073810826435,5.7591335952581675,2022-02-01,183995.03697656322,12.122669498188321,196299.521730654,145870.73988480703,171661.67847687233,172762.82563284945,186810.35226666983,8922.078009231162,184142.38211990974,0.8660254037844386,0.5000000000000001,48,0
2022-01-01,Kitchener-Cambridge-Waterloo,DEMO-2,226708.13181372028,DEMO,1.453300685257936,5.822832417704478,1.5066073810826435,5.7591335952581675,2022-02-01,240824.0664717881,12.391826083642762,218678.80564993998,183624.96643412078,190396.55218200554,202164.21018047282,213962.76645677813,15645.862274349067,207466.6335334428,0.8660254037844386,0.5000000000000001,48,0
2022-01-01,London,DEMO-3,265834.56931143854,DEMO,1.453300685257936,5.822832417704478,1.5066073810826435,5.7591335952581675,2022-02-01,241857.2791068679,12.39610721006905,231589.16466554205,226727.35961404722,218794.43424391944,237747.16186146028,236626.90966718635,27043.030806725717,210866.39845403336,0.8660254037844386,0.5000000000000001,48,0
2022-01-01,Toronto,DEMO-0,167797.27175290533,DEMO,1.453300685257936,5.822832417704478,1.5066073810826435,5.7591335952581675,2022-02-01,200606.08091123073,12.209103452547163,170796.11439517126,121657.31685450257,132571.24354037762,137981.9760890201,158543.20847979173,18685.838409189986,140091.0992903556,0.8660254037844386,0.5000000000000001,48,0
2022-01-01,Windsor,DEMO-4,272081.51680224907,DEMO,1.453300685257936,5.822832417704478,1.5066073810826435,5.7591335952581675,2022-02-01,246868.39626617212,12.416614715711235,246551.02983110776,224003.8310524447,223434.66869199462,261862.2122989332,247884.21389022967,23559.01928000126,269463.0823071275,0.8660254037844386,0.5000000000000001,48,0
2022-02-01,Hamilton,DEMO-1,183995.03697656322,DEMO,1.400201465083281,5.865810174079639,1.453300685257936,5.822832417704478,2022-03-01,210555.3042261463,12.257508374847584,178591.54486397174,185539.99020538377,180853.95912551627,184142.38211990974,186295.36785706299,9075.337613421088,175871.1569222259,1.0,6.123233995736766e-17,49,0
2022-02-01,Kitchener-Cambridge-Waterloo,DEMO-2,240824.0664717881,DEMO,1.400201465083281,5.865810174079639,1.453300685257936,5.822832417704478,2022-03-01,188698.3623008781,12.147910351917323,226708.13181372028,196501.36190667408,215557.9699533792,207466.6335334428,228737.00131181613,11211.172008187401,232639.41598336425,1.0,6.123233995736766e-17,49,0
2022-02-01,London,DEMO-3,241857.2791068679,DEMO,1.400201465083281,5.865810174079639,1.453300685257936,5.822832417704478,2022-03-01,255448.78365155848,12.450781127827907,265834.56931143854,212456.99502457844,242381.50858445957,210866.39845403336,246427.00436128283,17574.092480578624,240382.96421351263,1.0,6.123233995736766e-17,49,0
2022-02-01,Toronto,DEMO-0,200606.08091123073,DEMO,1.400201465083281,5.865810174079639,1.453300685257936,5.822832417704478,2022-03-01,185110.45777159618,12.128713397086658,167797.27175290533,137036.23929129855,140411.22907003047,140091.0992903556,179733.15568643578,18138.56443818459,174208.97797923407,1.0,6.123233995736766e-17,49,0
2022-02-01,Windsor,DEMO-4,246868.39626617212,DEMO,1.400201465083281,5.865810174079639,1.453300685257936,5.822832417704478,2022-03-01,255910.04986665456,12.4525852016246,272081.51680224907,225020.0950373322,242907.30821013547,269463.0823071275,255166.98096650964,14649.27719266081,270252.84947806783,1.0,6.123233995736766e-17,49,0
2022-03-01,Hamilton,DEMO-1,210555.3042261463,DEMO,1.3475456296996118,5.948790189001992,1.400201465083281,5.865810174079639,2022-04-01,212222.312216556,12.265394358772358,183995.03697656322,196299.521730654,167737.86431712864,175871.1569222259,191047.2953555604,17109.09814466721,179237.31591634068,0.8660254037844387,-0.4999999999999998,50,0
2022-03-01,Kitchener-Cambridge-Waterloo,DEMO-2,188698.3623008781,DEMO,1.3475456296996118,5.948790189001992,1.400201465083281,5.865810174079639,2022-04-01,215499.33098198206,12.280717724404028,240824.0664717881,218678.80564993998,178906.65853011125,232639.41598336425,218743.52019546216,26960.128662537743,201440.78949304507,0.8660254037844387,-0.4999999999999998,50,0
2022-03-01,London,DEMO-3,255448.78365155848,DEMO,1.3475456296996118,5.948790189001992,1.400201465083281,5.865810174079639,2022-04-01,270945.64964932314,12.509677215718781,241857.2791068679,231589.16466554205,224496.77836049988,240382.96421351263,254380.21068995495,12024.308608783167,238036.86467929298,0.8660254037844387,-0.4999999999999998,50,0
2022-03-01,Toronto,DEMO-0,185110.45777159618,DEMO,1.3475456296996118,5.948790189001992,1.400201465083281,5.865810174079639,2022-04-01,178664.22027195554,12.093269055859274,200606.08091123073,170796.11439517126,130667.50417063673,174208.97797923407,184504.60347857742,16412.79330781711,164581.94555464742,0.8660254037844387,-0.4999999999999998,50,0
2022-03-01,Windsor,DEMO-4,255910.04986665456,DEMO,1.3475456296996118,5.948790189001992,1.400201465083281,5.865810174079639,2022-04-01,308987.1091362318,12.641058073379673,246868.39626617212,246551.02983110776,241830.78774860437,270252.84947806783,258286.6543116919,12773.470488000352,258441.06180291492,0.8660254037844387,-0.4999999999999998,50,0
2022-04-01,Hamilton,DEMO-1,212222.312216556,DEMO,1.295567118378535,5.89270915892361,1.3475456296996118,5.948790189001992,2022-05-01,216103.4473431475,12.283517122307032,210555.3042261463,178591.54486397174,145870.73988480703,179237.31591634068,202257.55113975517,15837.749100822894,167349.16799093416,0.49999999999999994,-0.8660254037844387,51,0
2022-04-01,Kitchener-Cambridge-Waterloo,DEMO-2,215499.33098198206,DEMO,1.295567118378535,5.89270915892361,1.3475456296996118,5.948790189001992,2022-05-01,208773.21788700754,12.249008649813995,188698.3623008781,226708.13181372028,183624.96643412078,201440.78949304507,215007.2532515494,26066.335841424087,207327.7588119604,0.49999999999999994,-0.8660254037844387,51,0
2022-04-01,London,DEMO-3,270945.64964932314,DEMO,1.295567118378535,5.89270915892361,1.3475456296996118,5.948790189001992,2022-05-01,263483.8131245303,12.481751010101558,255448.78365155848,265834.56931143854,226727.35961404722,238036.86467929298,256083.90413591653,14554.582052605883,229806.21220828782,0.49999999999999994,-0.8660254037844387,51,0
2022-04-01,Toronto,DEMO-0,178664.22027195554,DEMO,1.295567118378535,5.89270915892361,1.3475456296996118,5.948790189001992,2022-05-01,186304.38149563543,12.1351424423541,185110.45777159618,167797.27175290533,121657.31685450257,164581.94555464742,188126.91965159416,11277.65905600312,166096.8896502037,0.49999999999999994,-0.8660254037844387,51,0
2022-04-01,Windsor,DEMO-4,308987.1091362318,DEMO,1.295567118378535,5.89270915892361,1.3475456296996118,5.948790189001992,2022-05-01,294766.44565012556,12.5939420046044,255910.04986665456,272081.51680224907,224003.8310524447,258441.06180291492,270588.5184230195,33560.04620867465,249746.80951032272,0.49999999999999994,-0.8660254037844387,51,0
2022-05-01,Hamilton,DEMO-1,216103.4473431475,DEMO,1.2444968611772609,6.101603500070461,1.295567118378535,5.89270915892361,2022-06-01,185025.6926050661,12.128255378004186,212222.312216556,183995.03697656322,185539.99020538377,167349.16799093416,212960.35459528328,2846.753049754358,189020.65484008275,1.2246467991473532e-16,-1.0,52,0
2022-05-01,Kitchener-Cambridge-Waterloo,DEMO-2,208773.21788700754,DEMO,1.2444968611772609,6.101603500070461,1.295567118378535,5.89270915892361,2022-06-01,221526.09662530187,12.30830019337947,215499.33098198206,240824.0664717881,196501.36190667408,207327.7588119604,204323.63705662257,13943.531035429507,203629.58366678774,1.2246467991473532e-16,-1.0,52,0
2022-05-01,London,DEMO-3,263483.8131245303,DEMO,1.2444968611772609,6.101603500070461,1.295567118378535,5.89270915892361,2022-06-01,251374.971388299,12.434704991367035,270945.64964932314,241857.2791068679,212456.99502457844,229806.21220828782,263292.7488084706,7750.199553419668,198923.5650969252,1.2246467991473532e-16,-1.0,52,0
2022-05-01,Toronto,DEMO-0,186304.38149563543,DEMO,1.2444968611772609,6.101603500070461,1.295567118378535,5.89270915892361,2022-06-01,149856.43336965883,11.917439676917631,178664.22027195554,200606.08091123073,137036.23929129855,166096.8896502037,183359.68651306236,4109.977601001205,150828.6215234505,1.2246467991473532e-16,-1.0,52,0
2022-05-01,Windsor,DEMO-4,294766.44565012556,DEMO,1.2444968611772609,6.101603500070461,1.295567118378535,5.89270915892361,2022-06-01,273092.6465050121,12.517570042837505,308987.1091362318,246868.39626617212,225020.0950373322,249746.80951032272,286554.5348843373,27474.900618482818,224863.4633350262,1.2246467991473532e-16,-1.0,52,0
2022-06-01,Hamilton,DEMO-1,185025.6926050661,DEMO,1.194561752962871,6.496644994536836,1.2444968611772609,6.101603500070461,2022-07-01,200787.36359580886,12.210006714900457,216103.4473431475,210555.3042261463,196299.521730654,189020.65484008275,204450.4840549232,16933.92141887256,171661.67847687233,-0.4999999999999997,-0.8660254037844388,53,0
2022-06-01,Kitchener-Cambridge-Waterloo,DEMO-2,221526.09662530187,DEMO,1.194561752962871,6.496644994536836,1.2444968611772609,6.101603500070461,2022-07-01,205610.62649840815,12.233744360081078,208773.21788700754,188698.3623008781,218678.80564993998,203629.58366678774,215266.21516476385,6379.634493182247,190396.55218200554,-0.4999999999999997,-0.8660254037844388,53,0
2022-06-01,London,DEMO-3,251374.971388299,DEMO,1.194561752962871,6.496644994536836,1.2444968611772609,6.101603500070461,2022-07-01,223314.1660012493,12.316339353127189,263483.8131245303,255448.78365155848,231589.16466554205,198923.5650969252,261934.81138738416,9876.862694469168,218794.43424391944,-0.4999999999999997,-0.8660254037844388,53,0
2022-06-01,Toronto,DEMO-0,149856.43336965883,DEMO,1.194561752962871,6.496644994536836,1.2444968611772609,6.101603500070461,2022-07-01,148844.97250974178,11.910667308702935,186304.38149563543,185110.45777159618,170796.11439517126,150828.6215234505,171608.34504574994,19221.141018532227,132571.24354037762,-0.4999999999999997,-0.8660254037844388,53,0
2022-06-01,Windsor,DEMO-4,273092.6465050121,DEMO,1.194561752962871,6.496644994536836,1.2444968611772609,6.101603500070461,2022-07-01,263469.69533649285,12.481697427634675,294766.44565012556,255910.04986665456,246551.02983110776,224863.4633350262,292282.0670971232,18075.73551731635,223434.66869199462,-0.4999999999999997,-0.8660254037844388,53,0
2022-07-01,Hamilton,DEMO-1,200787.36359580886,DEMO,1.145983645364118,6.302734687327865,1.194561752962871,6.496644994536836,2022-08-01,167954.88754058012,12.031456649743552,185025.6926050661,212222.312216556,178591.54486397174,171661.67847687233,200638.83451467415,15539.409755716139,180853.95912551627,-0.8660254037844384,-0.5000000000000004,54,0
2022-07-01,Kitchener-Cambridge-Waterloo,DEMO-2,205610.62649840815,DEMO,1.145983645364118,6.302734687327865,1.194561752962871,6.496644994536836,2022-08-01,208091.89852947585,12.245739886520617,221526.09662530187,215499.33098198206,226708.13181372028,190396.55218200554,211969.98033690584,8425.557249276364,215557.9699533792,-0.8660254037844384,-0.5000000000000004,54,0
2022-07-01,London,DEMO-3,223314.1660012493,DEMO,1.145983645364118,6.302734687327865,1.194561752962871,6.496644994536836,2022-08-01,206463.64027396718,12.237884443180977,251374.971388299,270945.64964932314,265834.56931143854,218794.43424391944,246057.65017135956,20605.95948252161,242381.50858445957,-0.8660254037844384,-0.5000000000000004,54,0
2022-07-01,Toronto,DEMO-0,148844.97250974178,DEMO,1.145983645364118,6.302734687327865,1.194561752962871,6.496644994536836,2022-08-01,163897.06180830917,12.00699993920934,149856.43336965883,178664.22027195554,167797.27175290533,132571.24354037762,161668.59579167867,21341.209342636637,140411.22907003047,-0.8660254037844384,-0.5000000000000004,54,0
2022-07-01,Windsor,DEMO-4,263469.69533649285,DEMO,1.145983645364118,6.302734687327865,1.194561752962871,6.496644994536836,2022-08-01,263614.0235179508,12.482245073605348,273092.6465050121,308987.1091362318,272081.51680224907,223434.66869199462,277109.5958305435,16030.394769355658,242907.30821013547,-0.8660254037844384,-0.5000000000000004,54,0
2022-08-01,Hamilton,DEMO-1,167954.88754058012,DEMO,1.0989783611293242,6.379321845491956,1.145983645364118,6.302734687327865,2022-09-01,181490.31073465114,12.108963056800796,200787.36359580886,216103.4473431475,183995.03697656322,180853.95912551627,184589.31458048502,16420.587392494428,167737.86431712864,-1.0,-1.8369701987210297e-16,55,0
2022-08-01,Kitchener-Cambridge-Waterloo,DEMO-2,208091.89852947585,DEMO,1.0989783611293242,6.379321845491956,1.145983645364118,6.302734687327865,2022-09-01,199086.3683048019,12.201499044065761,205610.62649840815,208773.21788700754,240824.0664717881,215557.9699533792,211742.87388439532,8562.87119614066,178906.65853011125,-1.0,-1.8369701987210297e-16,55,0
2022-08-01,London,DEMO-3,206463.64027396718,DEMO,1.0989783611293242,6.379321845491956,1.145983645364118,6.302734687327865,2022-09-01,242439.78675317633,12.398512781205874,223314.1660012493,263483.8131245303,241857.2791068679,242381.50858445957,227050.92588783856,22687.649645849484,224496.77836049988,-1.0,-1.8369701987210297e-16,55,0
2022-08-01,Toronto,DEMO-0,163897.06180830917,DEMO,1.0989783611293242,6.379321845491956,1.145983645364118,6.302734687327865,2022-09-01,142945.28612515744,11.870224217176222,148844.97250974178,186304.38149563543,200606.08091123073,140411.22907003047,154199.4892292366,8413.55743503105,130667.50417063673,-1.0,-1.8369701987210297e-16,55,0
2022-08-01,Windsor,DEMO-4,263614.0235179508,DEMO,1.0989783611293242,6.379321845491956,1.145983645364118,6.302734687327865,2022-09-01,236337.4619794751,12.373020217511153,263469.69533649285,294766.44565012556,246868.39626617212,242907.30821013547,266725.4551198186,5514.621678570243,241830.78774860437,-1.0,-1.8369701987210297e-16,55,0
2022-09-01,Hamilton,DEMO-1,181490.31073465114,DEMO,1.0537547352693744,6.417798172004651,1.0989783611293242,6.379321845491956,2022-10-01,196898.27079792408,12.190447561207074,167954.88754058012,185025.6926050661,210555.3042261463,167737.86431712864,183410.85395701337,16500.27986674817,145870.73988480703,-0.8660254037844386,0.5000000000000001,56,0
2022-09-01,Kitchener-Cambridge-Waterloo,DEMO-2,199086.3683048019,DEMO,1.0537547352693744,6.417798172004651,1.0989783611293242,6.379321845491956,2022-10-01,197508.90626661124,12.193544020377383,208091.89852947585,221526.09662530187,188698.3623008781,178906.65853011125,204262.96444422865,4651.5630078604045,183624.96643412078,-0.8660254037844386,0.5000000000000001,56,0
2022-09-01,London,DEMO-3,242439.78675317633,DEMO,1.0537547352693744,6.417798172004651,1.0989783611293242,6.379321845491956,2022-10-01,242075.10162521765,12.397007425229338,206463.64027396718,251374.971388299,255448.78365155848,224496.77836049988,224072.5310094643,18000.05880511653,226727.35961404722,-0.8660254037844386,0.5000000000000001,56,0
2022-09-01,Toronto,DEMO-0,142945.28612515744,DEMO,1.0537547352693744,6.417798172004651,1.0989783611293242,6.379321845491956,2022-10-01,158845.93273931392,11.975696330347334,163897.06180830917,149856.43336965883,185110.45777159618,130667.50417063673,151895.77348106948,10803.923638857435,121657.31685450257,-0.8660254037844386,0.5000000000000001,56,0
2022-09-01,Windsor,DEMO-4,236337.4619794751,DEMO,1.0537547352693744,6.417798172004651,1.0989783611293242,6.379321845491956,2022-10-01,228495.43796797606,12.339275900433298,263614.0235179508,273092.6465050121,255910.04986665456,241830.78774860437,254473.72694463958,15706.631969362032,224003.8310524447,-0.8660254037844386,0.5000000000000001,56,0
2022-10-01,Hamilton,DEMO-1,196898.27079792408,DEMO,1.010513687245825,6.612080636434642,1.0537547352693744,6.417798172004651,2022-11-01,196876.28192783432,12.190335879239418,181490.31073465114,200787.36359580886,212222.312216556,145870.73988480703,182114.48969105177,14481.783665094106,185539.99020538377,-0.5000000000000004,0.8660254037844384,57,0
2022-10-01,Kitchener-Cambridge-Waterloo,DEMO-2,197508.90626661124,DEMO,1.010513687245825,6.612080636434642,1.0537547352693744,6.417798172004651,2022-11-01,230281.23633983734,12.347060950136708,199086.3683048019,205610.62649840815,215499.33098198206,183624.96643412078,201562.39103362965,5709.46124640721,196501.36190667408,-0.5000000000000004,0.8660254037844384,57,0
2022-10-01,London,DEMO-3,242075.10162521765,DEMO,1.010513687245825,6.612080636434642,1.0537547352693744,6.417798172004651,2022-11-01,220786.64952672782,12.304956656706192,242439.78675317633,223314.1660012493,270945.64964932314,226727.35961404722,230326.17621745376,20666.366759817465,212456.99502457844,-0.5000000000000004,0.8660254037844384,57,0
2022-10-01,Toronto,DEMO-0,158845.93273931392,DEMO,1.010513687245825,6.612080636434642,1.0537547352693744,6.417798172004651,2022-11-01,164604.74646449444,12.011308478307654,142945.28612515744,148844.97250974178,178664.22027195554,121657.31685450257,155229.42689092687,10934.055148152296,137036.23929129855,-0.5000000000000004,0.8660254037844384,57,0
2022-10-01,Windsor,DEMO-4,228495.43796797606,DEMO,1.010513687245825,6.612080636434642,1.0537547352693744,6.417798172004651,2022-11-01,235658.3778336428,12.370142727162186,236337.4619794751,263469.69533649285,308987.1091362318,224003.8310524447,242815.64115513398,18433.76974011787,225020.0950373322,-0.5000000000000004,0.8660254037844384,57,0
2022-11-01,Hamilton,DEMO-1,196876.28192783432,DEMO,0.9694473283261998,6.452857249224868,1.010513687245825,6.612080636434642,2022-12-01,190391.204696021,12.156841458778688,196898.27079792408,167954.88754058012,216103.4473431475,185539.99020538377,191754.95448680318,8889.449049100318,196299.521730654,-2.4492935982947064e-16,1.0,58,0
2022-11-01,Kitchener-Cambridge-Waterloo,DEMO-2,230281.23633983734,DEMO,0.9694473283261998,6.452857249224868,1.010513687245825,6.612080636434642,2022-12-01,218590.49221728148,12.294959934558602,197508.90626661124,208091.89852947585,208773.21788700754,196501.36190667408,208958.83697041683,18482.57646466782,218678.80564993998,-2.4492935982947064e-16,1.0,58,0
2022-11-01,London,DEMO-3,220786.64952672782,DEMO,0.9694473283261998,6.452857249224868,1.010513687245825,6.612080636434642,2022-12-01,256594.82766586132,12.455257470960788,242075.10162521765,206463.64027396718,263483.8131245303,212456.99502457844,235100.51263504065,12397.510097728684,231589.16466554205,-2.4492935982947064e-16,1.0,58,0
2022-11-01,Toronto,DEMO-0,164604.74646449444,DEMO,0.9694473283261998,6.452857249224868,1.010513687245825,6.612080636434642,2022-12-01,157615.06943821438,11.967917414648443,158845.93273931392,163897.06180830917,186304.38149563543,137036.23929129855,155465.32177632194,11218.487126620485,170796.11439517126,-2.4492935982947064e-16,1.0,58,0
2022-11-01,Windsor,DEMO-4,235658.3778336428,DEMO,0.9694473283261998,6.452857249224868,1.010513687245825,6.612080636434642,2022-12-01,286330.2673582341,12.564904696992512,228495.43796797606,263614.0235179508,294766.44565012556,225020.0950373322,233497.09259369798,4344.847588298322,246551.02983110776,-2.4492935982947064e-16,1.0,58,0
2022-12-01,Hamilton,DEMO-1,190391.204696021,DEMO,0.9307381080723228,6.377515743845236,0.9694473283261998,6.452857249224868,2023-01-01,205007.65113630748,12.230807457895036,196876.28192783432,181490.31073465114,185025.6926050661,196299.521730654,194721.91914059315,3750.5248403289997,178591.54486397174,0.49999999999999994,0.8660254037844387,59,0
2022-12-01,Kitchener-Cambridge-Waterloo,DEMO-2,218590.49221728148,DEMO,0.9307381080723228,6.377515743845236,0.9694473283261998,6.452857249224868,2023-01-01,237789.10880837712,12.379143667791642,230281.23633983734,199086.3683048019,221526.09662530187,218678.80564993998,215460.21160791002,16608.895120602963,226708.13181372028,0.49999999999999994,0.8660254037844387,59,0
2022-12-01,London,DEMO-3,256594.82766586132,DEMO,0.9307381080723228,6.377515743845236,0.9694473283261998,6.452857249224868,2023-01-01,260431.4128576754,12.470098654910155,220786.64952672782,242439.78675317633,251374.971388299,231589.16466554205,239818.85960593564,18010.39634345026,265834.56931143854,0.49999999999999994,0.8660254037844387,59,0
2022-12-01,Toronto,DEMO-0,157615.06943821438,DEMO,0.9307381080723228,6.377515743845236,0.9694473283261998,6.452857249224868,2023-01-01,185706.83065486007,12.131929914760086,164604.74646449444,142945.28612515744,149856.43336965883,170796.11439517126,160355.24954734094,3731.2764777173575,167797.27175290533,0.49999999999999994,0.8660254037844387,59,0
2022-12-01,Windsor,DEMO-4,286330.2673582341,DEMO,0.9307381080723228,6.377515743845236,0.9694473283261998,6.452857249224868,2023-01-01,253046.92501537368,12.441334176708876,235658.3778336428,236337.4619794751,273092.6465050121,246551.02983110776,250161.36105328434,31527.278099321742,272081.51680224907,0.49999999999999994,0.8660254037844387,59,0
2023-01-01,Hamilton,DEMO-1,205007.65113630748,DEMO,0.8945580037536573,6.427636037238778,0.9307381080723228,6.377515743845236,2023-02-01,230501.26089601516,12.348015950030238,190391.204696021,196898.27079792408,200787.36359580886,178591.54486397174,197425.04592005428,7323.6591315279475,183995.03697656322,0.8660254037844386,0.5000000000000001,60,0
2023-01-01,Kitchener-Cambridge-Waterloo,DEMO-2,237789.10880837712,DEMO,0.8945580037536573,6.427636037238778,0.9307381080723228,6.377515743845236,2023-02-01,255494.7774693408,12.450961161950548,218590.49221728148,197508.90626661124,205610.62649840815,226708.13181372028,228886.94578849865,9674.955005536514,240824.0664717881,0.8660254037844386,0.5000000000000001,60,0
2023-01-01,London,DEMO-3,260431.4128576754,DEMO,0.8945580037536573,6.427636037238778,0.9307381080723228,6.377515743845236,2023-02-01,266821.30355588236,12.494338186065901,256594.82766586132,242075.10162521765,223314.1660012493,265834.56931143854,245937.63001675488,21865.69713480013,241857.2791068679,0.8660254037844386,0.5000000000000001,60,0
2023-01-01,Toronto,DEMO-0,185706.83065486007,DEMO,0.8945580037536573,6.427636037238778,0.9307381080723228,6.377515743845236,2023-02-01,198543.01604349926,12.19876609782016,157615.06943821438,158845.93273931392,148844.97250974178,167797.27175290533,169308.88218585632,14624.75407406907,200606.08091123073,0.8660254037844386,0.5000000000000001,60,0
2023-01-01,Windsor,DEMO-4,253046.92501537368,DEMO,0.8945580037536573,6.427636037238778,0.9307381080723228,6.377515743845236,2023-02-01,302811.10162075533,12.620867765469264,286330.2673582341,228495.43796797606,263469.69533649285,272081.51680224907,258345.1900690835,25748.083548734732,246868.39626617212,0.8660254037844386,0.5000000000000001,60,0
2023-02-01,Hamilton,DEMO-1,230501.26089601516,DEMO,0.8610677562869377,6.434255609864924,0.8945580037536573,6.427636037238778,2023-03-01,238478.72784119804,12.38203958712855,205007.65113630748,196876.28192783432,167954.88754058012,183995.03697656322,208633.37224278122,20299.348320774363,210555.3042261463,1.0,6.123233995736766e-17,61,0
2023-02-01,Kitchener-Cambridge-Waterloo,DEMO-2,255494.7774693408,DEMO,0.8610677562869377,6.434255609864924,0.8945580037536573,6.427636037238778,2023-03-01,235325.5476447768,12.368729393020914,237789.10880837712,230281.23633983734,208091.89852947585,240824.0664717881,237291.45949833313,18457.174990182077,188698.3623008781,1.0,6.123233995736766e-17,61,0
2023-02-01,London,DEMO-3,266821.30355588236,DEMO,0.8610677562869377,6.434255609864924,0.8945580037536573,6.427636037238778,2023-03-01,287592.6658537713,12.569303880434099,260431.4128576754,220786.64952672782,206463.64027396718,241857.2791068679,261282.51469313973,5166.089723673434,255448.78365155848,1.0,6.123233995736766e-17,61,0
2023-02-01,Toronto,DEMO-0,198543.01604349926,DEMO,0.8610677562869377,6.434255609864924,0.8945580037536573,6.427636037238778,2023-03-01,173329.57913850632,12.062955912177719,185706.83065486007,164604.74646449444,163897.06180830917,200606.08091123073,180621.63871219126,20932.476827924507,185110.45777159618,1.0,6.123233995736766e-17,61,0
2023-02-01,Windsor,DEMO-4,302811.10162075533,DEMO,0.8610677562869377,6.434255609864924,0.8945580037536573,6.427636037238778,2023-03-01,309633.2741109407,12.643147119063121,253046.92501537368,235658.3778336428,263614.0235179508,246868.39626617212,280729.43133145437,25350.450517733632,255910.04986665456,1.0,6.123233995736766e-17,61,0
2023-03-01,Hamilton,DEMO-1,238478.72784119804,DEMO,0.8304161560966467,6.703083068379817,0.8610677562869377,6.434255609864924,2023-04-01,222075.78750293076,12.310778490701223,230501.26089601516,190391.204696021,181490.31073465114,210555.3042261463,224662.5466245069,17482.7395508945,212222.312216556,0.8660254037844387,-0.4999999999999998,62,0
2023-03-01,Kitchener-Cambridge-Waterloo,DEMO-2,235325.5476447768,DEMO,0.8304161560966467,6.703083068379817,0.8610677562869377,6.434255609864924,2023-04-01,222335.28003457197,12.311946289670633,255494.7774693408,218590.49221728148,199086.3683048019,188698.3623008781,242869.81130749825,11002.70927283257,215499.33098198206,0.8660254037844387,-0.4999999999999998,62,0
2023-03-01,London,DEMO-3,287592.6658537713,DEMO,0.8304161560966467,6.703083068379817,0.8610677562869377,6.434255609864924,2023-04-01,262631.6095210655,12.478511412581668,266821.30355588236,256594.82766586132,242439.78675317633,255448.78365155848,271615.12742244307,14201.020263600272,270945.64964932314,0.8660254037844387,-0.4999999999999998,62,0
2023-03-01,Toronto,DEMO-0,173329.57913850632,DEMO,0.8304161560966467,6.703083068379817,0.8610677562869377,6.434255609864924,2023-04-01,206246.9222124727,12.236834230024838,198543.01604349926,157615.06943821438,142945.28612515744,185110.45777159618,185859.80861228856,12607.41455779516,178664.22027195554,0.8660254037844387,-0.4999999999999998,62,0
2023-03-01,Windsor,DEMO-4,309633.2741109407,DEMO,0.8304161560966467,6.703083068379817,0.8610677562869377,6.434255609864924,2023-04-01,349113.4430234922,12.763155064404302,302811.10162075533,286330.2673582341,236337.4619794751,255910.04986665456,288497.10024902323,30889.669833842618,308987.1091362318,0.8660254037844387,-0.4999999999999998,62,0
2023-04-01,Hamilton,DEMO-1,222075.78750293076,DEMO,0.8027393820691294,6.947848862392749,0.8304161560966467,6.703083068379817,2023-05-01,194535.2661245652,12.17837388288345,238478.72784119804,205007.65113630748,196898.27079792408,212222.312216556,230351.9254133813,8202.489789690573,216103.4473431475,0.49999999999999994,-0.8660254037844387,63,0
2023-04-01,Kitchener-Cambridge-Waterloo,DEMO-2,222335.28003457197,DEMO,0.8027393820691294,6.947848862392749,0.8304161560966467,6.703083068379817,2023-05-01,225120.6539989111,12.324396219508998,235325.5476447768,237789.10880837712,197508.90626661124,215499.33098198206,237718.5350495632,16708.765935018408,208773.21788700754,0.49999999999999994,-0.8660254037844387,63,0
2023-04-01,London,DEMO-3,262631.6095210655,DEMO,0.8027393820691294,6.947848862392749,0.8304161560966467,6.703083068379817,2023-05-01,278465.66304775904,12.537053629381264,287592.6658537713,260431.4128576754,242075.10162521765,270945.64964932314,272348.52631023974,13366.982712764337,263483.8131245303,0.49999999999999994,-0.8660254037844387,63,0
2023-04-01,Toronto,DEMO-0,206246.9222124727,DEMO,0.8027393820691294,6.947848862392749,0.8304161560966467,6.703083068379817,2023-05-01,216620.18635723027,12.28590542204923,173329.57913850632,185706.83065486007,158845.93273931392,178664.22027195554,192706.50579815943,17217.33160641522,186304.38149563543,0.49999999999999994,-0.8660254037844387,63,0
2023-04-01,Windsor,DEMO-4,349113.4430234922,DEMO,0.8027393820691294,6.947848862392749,0.8304161560966467,6.703083068379817,2023-05-01,302131.95655998634,12.618622452983754,309633.2741109407,253046.92501537368,228495.43796797606,308987.1091362318,320519.2729183961,24997.10848019899,294766.44565012556,0.49999999999999994,-0.8660254037844387,63,0
2023-05-01,Hamilton,DEMO-1,194535.2661245652,DEMO,0.7781603965372256,6.399025784039745,0.8027393820691294,6.947848862392749,2023-06-01,217286.9167440517,12.28897855836641,222075.78750293076,230501.26089601516,196876.28192783432,216103.4473431475,218363.2604895647,22205.722224891302,185025.6926050661,1.2246467991473532e-16,-1.0,64,0
2023-05-01,Kitchener-Cambridge-Waterloo,DEMO-2,225120.6539989111,DEMO,0.7781603965372256,6.399025784039745,0.8027393820691294,6.947848862392749,2023-06-01,230865.60464852207,12.349595353650441,222335.28003457197,255494.7774693408,230281.23633983734,208773.21788700754,227593.8272260866,6839.166799027175,221526.09662530187,1.2246467991473532e-16,-1.0,64,0
2023-05-01,London,DEMO-3,278465.66304775904,DEMO,0.7781603965372256,6.399025784039745,0.8027393820691294,6.947848862392749,2023-06-01,226930.4850656977,12.332403422999915,262631.6095210655,266821.30355588236,220786.64952672782,263483.8131245303,276229.97947419866,12629.817658697273,251374.971388299,1.2246467991473532e-16,-1.0,64,0
2023-05-01,Toronto,DEMO-0,216620.18635723027,DEMO,0.7781603965372256,6.399025784039745,0.8027393820691294,6.947848862392749,2023-06-01,172286.68722612574,12.056920958709647,206246.9222124727,198543.01604349926,164604.74646449444,186304.38149563543,198732.22923606975,22602.480532867503,149856.43336965883,1.2246467991473532e-16,-1.0,64,0
2023-05-01,Windsor,DEMO-4,302131.95655998634,DEMO,0.7781603965372256,6.399025784039745,0.8027393820691294,6.947848862392749,2023-06-01,267338.87234246085,12.49627605801529,349113.4430234922,302811.10162075533,235658.3778336428,294766.44565012556,320292.89123147307,25239.564089884807,273092.6465050121,1.2246467991473532e-16,-1.0,64,0
2023-06-01,Hamilton,DEMO-1,217286.9167440517,DEMO,0.7567883989833905,6.4177834489003756,0.7781603965372256,6.399025784039745,2023-07-01,204558.5355307022,12.228614339385164,194535.2661245652,238478.72784119804,190391.204696021,185025.6926050661,211299.32345718253,14714.228979962914,200787.36359580886,-0.4999999999999997,-0.8660254037844388,65,0
2023-06-01,Kitchener-Cambridge-Waterloo,DEMO-2,230865.60464852207,DEMO,0.7567883989833905,6.4177834489003756,0.7781603965372256,6.399025784039745,2023-07-01,210770.16483111514,12.258528297066636,225120.6539989111,235325.5476447768,218590.49221728148,221526.09662530187,226107.1795606684,4349.888966152906,205610.62649840815,-0.4999999999999997,-0.8660254037844388,65,0
2023-06-01,London,DEMO-3,226930.4850656977,DEMO,0.7567883989833905,6.4177834489003756,0.7781603965372256,6.399025784039745,2023-07-01,242462.7633685464,12.398607548785932,278465.66304775904,287592.6658537713,256594.82766586132,251374.971388299,256009.2525448408,26398.112647518952,223314.1660012493,-0.4999999999999997,-0.8660254037844388,65,0
2023-06-01,Toronto,DEMO-0,172286.68722612574,DEMO,0.7567883989833905,6.4177834489003756,0.7781603965372256,6.399025784039745,2023-07-01,161995.89707730076,11.995332460187262,216620.18635723027,173329.57913850632,157615.06943821438,149856.43336965883,198384.5985986096,23188.938866596294,148844.97250974178,-0.4999999999999997,-0.8660254037844388,65,0
2023-06-01,Windsor,DEMO-4,267338.87234246085,DEMO,0.7567883989833905,6.4177834489003756,0.7781603965372256,6.399025784039745,2023-07-01,276733.30955269653,12.530813153580429,302131.95655998634,309633.2741109407,286330.2673582341,273092.6465050121,306194.75730864645,41038.395009542364,263469.69533649285,-0.4999999999999997,-0.8660254037844388,65,0
2023-07-01,Hamilton,DEMO-1,204558.5355307022,DEMO,0.7387183408883872,6.571534324291773,0.7567883989833905,6.4177834489003756,2023-08-01,209360.30669964477,12.251816778585223,217286.9167440517,222075.78750293076,205007.65113630748,200787.36359580886,205460.2394664397,11402.596369625453,167954.88754058012,-0.8660254037844384,-0.5000000000000004,66,0
2023-07-01,Kitchener-Cambridge-Waterloo,DEMO-2,210770.16483111514,DEMO,0.7387183408883872,6.571534324291773,0.7567883989833905,6.4177834489003756,2023-08-01,226416.1413042881,12.33013433491989,230865.60464852207,222335.28003457197,237789.10880837712,205610.62649840815,222252.1411595161,10350.263271825635,208091.89852947585,-0.8660254037844384,-0.5000000000000004,66,0
2023-07-01,London,DEMO-3,242462.7633685464,DEMO,0.7387183408883872,6.571534324291773,0.7567883989833905,6.4177834489003756,2023-08-01,225774.66867707376,12.32729716881132,226930.4850656977,262631.6095210655,260431.4128576754,223314.1660012493,249286.30382733443,26436.51207525728,206463.64027396718,-0.8660254037844384,-0.5000000000000004,66,0
2023-07-01,Toronto,DEMO-0,161995.89707730076,DEMO,0.7387183408883872,6.571534324291773,0.7567883989833905,6.4177834489003756,2023-08-01,172820.2734628847,12.060013238092258,172286.68722612574,206246.9222124727,185706.83065486007,148844.97250974178,183634.2568868856,29026.345752414305,163897.06180830917,-0.8660254037844384,-0.5000000000000004,66,0
2023-07-01,Windsor,DEMO-4,276733.30955269653,DEMO,0.7387183408883872,6.571534324291773,0.7567883989833905,6.4177834489003756,2023-08-01,279793.4065264633,12.541810350043228,267338.87234246085,349113.4430234922,253046.92501537368,263469.69533649285,282068.0461517146,17999.56216905389,263614.0235179508,-0.8660254037844384,-0.5000000000000004,66,0
2023-08-01,Hamilton,DEMO-1,209360.30669964477,DEMO,0.724030503880982,6.284162931335967,0.7387183408883872,6.571534324291773,2023-09-01,194252.74944918184,12.1769205702273,204558.5355307022,194535.2661245652,230501.26089601516,167954.88754058012,210401.91965813292,6427.802131721428,181490.31073465114,-1.0,-1.8369701987210297e-16,67,0
2023-08-01,Kitchener-Cambridge-Waterloo,DEMO-2,226416.1413042881,DEMO,0.724030503880982,6.284162931335967,0.7387183408883872,6.571534324291773,2023-09-01,219042.50019280013,12.297025620091462,210770.16483111514,225120.6539989111,255494.7774693408,208091.89852947585,222683.97026130845,10554.785686327996,199086.3683048019,-1.0,-1.8369701987210297e-16,67,0
2023-08-01,London,DEMO-3,225774.66867707376,DEMO,0.724030503880982,6.284162931335967,0.7387183408883872,6.571534324291773,2023-09-01,204260.3730956305,12.2271556934028,242462.7633685464,278465.66304775904,266821.30355588236,206463.64027396718,231722.63903710598,9319.156660994413,242439.78675317633,-1.0,-1.8369701987210297e-16,67,0
2023-08-01,Toronto,DEMO-0,172820.2734628847,DEMO,0.724030503880982,6.284162931335967,0.7387183408883872,6.571534324291773,2023-09-01,155377.57291760293,11.953619823995783,161995.89707730076,216620.18635723027,198543.01604349926,163897.06180830917,169034.28592210374,6101.259436870097,142945.28612515744,-1.0,-1.8369701987210297e-16,67,0
2023-08-01,Windsor,DEMO-4,279793.4065264633,DEMO,0.724030503880982,6.284162931335967,0.7387183408883872,6.571534324291773,2023-09-01,257369.26919129383,12.4582710631657,276733.30955269653,302131.95655998634,302811.10162075533,263614.0235179508,274621.86280720687,6490.185741132943,236337.4619794751,-1.0,-1.8369701987210297e-16,67,0
2023-09-01,Hamilton,DEMO-1,194252.74944918184,DEMO,0.7127901430628354,6.263733670693868,0.724030503880982,6.284162931335967,2023-10-01,190349.7140382794,12.156623512989736,209360.30669964477,217286.9167440517,238478.72784119804,181490.31073465114,202723.86389317628,7719.0729062606415,196898.27079792408,-0.8660254037844386,0.5000000000000001,68,0
2023-09-01,Kitchener-Cambridge-Waterloo,DEMO-2,219042.50019280013,DEMO,0.7127901430628354,6.263733670693868,0.724030503880982,6.284162931335967,2023-10-01,179705.0749022567,12.099077878000228,226416.1413042881,230865.60464852207,235325.5476447768,199086.3683048019,218742.93544273442,7827.288753418823,197508.90626661124,-0.8660254037844386,0.5000000000000001,68,0
2023-09-01,London,DEMO-3,204260.3730956305,DEMO,0.7127901430628354,6.263733670693868,0.724030503880982,6.284162931335967,2023-10-01,239978.14141205398,12.388307287764059,225774.66867707376,226930.4850656977,287592.6658537713,242439.78675317633,224165.93504708362,19151.936548564663,242075.10162521765,-0.8660254037844386,0.5000000000000001,68,0
2023-09-01,Toronto,DEMO-0,155377.57291760293,DEMO,0.7127901430628354,6.263733670693868,0.724030503880982,6.284162931335967,2023-10-01,165701.0623234591,12.0179466494655,172820.2734628847,172286.68722612574,173329.57913850632,142945.28612515744,163397.9144859295,8805.463655518852,158845.93273931392,-0.8660254037844386,0.5000000000000001,68,0
2023-09-01,Windsor,DEMO-4,257369.26919129383,DEMO,0.7127901430628354,6.263733670693868,0.724030503880982,6.284162931335967,2023-10-01,257910.55387205063,12.460371990680033,279793.4065264633,267338.87234246085,309633.2741109407,236337.4619794751,271298.6617568179,12159.853260034703,228495.43796797606,-0.8660254037844386,0.5000000000000001,68,0
2023-10-01,Hamilton,DEMO-1,190349.7140382794,DEMO,0.7050471970932284,6.213466884304579,0.7127901430628354,6.263733670693868,2023-11-01,198337.96117403614,12.197732771124485,194252.74944918184,204558.5355307022,222075.78750293076,196898.27079792408,197987.59006236866,10040.539534234613,196876.28192783432,-0.5000000000000004,0.8660254037844384,69,0
2023-10-01,Kitchener-Cambridge-Waterloo,DEMO-2,179705.0749022567,DEMO,0.7050471970932284,6.213466884304579,0.7127901430628354,6.263733670693868,2023-11-01,213566.27343276248,12.27170716006358,219042.50019280013,210770.16483111514,222335.28003457197,197508.90626661124,208387.90546644828,25112.172799080163,230281.23633983734,-0.5000000000000004,0.8660254037844384,69,0
2023-10-01,London,DEMO-3,239978.14141205398,DEMO,0.7050471970932284,6.213466884304579,0.7127901430628354,6.263733670693868,2023-11-01,223116.50586013723,12.315453843770522,204260.3730956305,242462.7633685464,262631.6095210655,242075.10162521765,223337.7277282528,17983.151955857535,220786.64952672782,-0.5000000000000004,0.8660254037844384,69,0
2023-10-01,Toronto,DEMO-0,165701.0623234591,DEMO,0.7050471970932284,6.213466884304579,0.7127901430628354,6.263733670693868,2023-11-01,156978.0363619172,11.963867549057792,155377.57291760293,161995.89707730076,206246.9222124727,158845.93273931392,164632.96956798225,8770.266083695326,164604.74646449444,-0.5000000000000004,0.8660254037844384,69,0
2023-10-01,Windsor,DEMO-4,257910.55387205063,DEMO,0.7050471970932284,6.213466884304579,0.7127901430628354,6.263733670693868,2023-11-01,264503.4832489097,12.485613480038204,257369.26919129383,276733.30955269653,349113.4430234922,228495.43796797606,265024.40986326925,12793.189364051786,235658.3778336428,-0.5000000000000004,0.8660254037844384,69,0
2023-11-01,Hamilton,DEMO-1,198337.96117403614,DEMO,0.7008360663216573,6.524552181918188,0.7050471970932284,6.213466884304579,2023-12-01,234096.91162437294,12.363494732569382,190349.7140382794,209360.30669964477,194535.2661245652,196876.28192783432,194313.4748871658,3994.4697720224294,190391.204696021,-2.4492935982947064e-16,1.0,70,0
2023-11-01,Kitchener-Cambridge-Waterloo,DEMO-2,213566.27343276248,DEMO,0.7008360663216573,6.524552181918188,0.7050471970932284,6.213466884304579,2023-12-01,272370.95965198183,12.514923909823839,179705.0749022567,226416.1413042881,225120.6539989111,230281.23633983734,204104.61617593977,21307.286914491757,218590.49221728148,-2.4492935982947064e-16,1.0,70,0
2023-11-01,London,DEMO-3,223116.50586013723,DEMO,0.7008360663216573,6.524552181918188,0.7050471970932284,6.213466884304579,2023-12-01,237462.91505628434,12.377770954308179,239978.14141205398,225774.66867707376,278465.66304775904,220786.64952672782,222451.6734559406,17868.16288740073,256594.82766586132,-2.4492935982947064e-16,1.0,70,0
2023-11-01,Toronto,DEMO-0,156978.0363619172,DEMO,0.7008360663216573,6.524552181918188,0.7050471970932284,6.213466884304579,2023-12-01,194628.3115654055,12.17885206208504,165701.0623234591,172820.2734628847,216620.18635723027,164604.74646449444,159352.22386765975,5556.184222334669,157615.06943821438,-2.4492935982947064e-16,1.0,70,0
2023-11-01,Windsor,DEMO-4,264503.4832489097,DEMO,0.7008360663216573,6.524552181918188,0.7050471970932284,6.213466884304579,2023-12-01,307243.1116051503,12.635397862411924,257910.55387205063,279793.4065264633,302131.95655998634,235658.3778336428,259927.7687707514,3971.9163530506344,286330.2673582341,-2.4492935982947064e-16,1.0,70,0
2023-12-01,Hamilton,DEMO-1,234096.91162437294,DEMO,0.700175459954009,6.599583087740045,0.7008360663216573,6.524552181918188,2024-01-01,228327.21859446037,12.33853942800913,198337.96117403614,194252.74944918184,217286.9167440517,190391.204696021,207594.86227889615,23296.394307017843,205007.65113630748,0.49999999999999994,0.8660254037844387,71,0
2023-12-01,Kitchener-Cambridge-Waterloo,DEMO-2,272370.95965198183,DEMO,0.700175459954009,6.599583087740045,0.7008360663216573,6.524552181918188,2024-01-01,240942.59430078845,12.39231813653471,213566.27343276248,219042.50019280013,230865.60464852207,218590.49221728148,221880.76932900035,46889.121132931985,237789.10880837712,0.49999999999999994,0.8660254037844387,71,0
2023-12-01,London,DEMO-3,237462.91505628434,DEMO,0.700175459954009,6.599583087740045,0.7008360663216573,6.524552181918188,2024-01-01,265337.71825917886,12.488762470899125,223116.50586013723,204260.3730956305,226930.4850656977,256594.82766586132,233519.1874428252,9096.341516691702,260431.4128576754,0.49999999999999994,0.8660254037844387,71,0
2023-12-01,Toronto,DEMO-0,194628.3115654055,DEMO,0.700175459954009,6.599583087740045,0.7008360663216573,6.524552181918188,2024-01-01,187932.13917030802,12.143841535845091,156978.0363619172,155377.57291760293,172286.68722612574,157615.06943821438,172435.80341692726,19707.95166732539,185706.83065486007,0.49999999999999994,0.8660254037844387,71,0
2023-12-01,Windsor,DEMO-4,307243.1116051503,DEMO,0.700175459954009,6.599583087740045,0.7008360663216573,6.524552181918188,2024-01-01,288529.40484355256,12.572555748782946,264503.4832489097,257369.26919129383,267338.87234246085,286330.2673582341,276552.3829087035,26782.5932348091,253046.92501537368,0.49999999999999994,0.8660254037844387,71,0
2024-01-01,Hamilton,DEMO-1,228327.21859446037,DEMO,0.7030683129313274,5.91513905928582,0.700175459954009,6.599583087740045,2024-02-01,240867.85703905954,12.392007902699447,234096.91162437294,190349.7140382794,204558.5355307022,205007.65113630748,220254.03046428983,19197.86210144933,230501.26089601516,0.8660254037844386,0.5000000000000001,72,0
2024-01-01,Kitchener-Cambridge-Waterloo,DEMO-2,240942.59430078845,DEMO,0.7030683129313274,5.91513905928582,0.700175459954009,6.599583087740045,2024-02-01,239811.55845032586,12.38761289072272,272370.95965198183,179705.0749022567,210770.16483111514,237789.10880837712,242293.27579517756,29425.601705142708,255494.7774693408,0.8660254037844386,0.5000000000000001,72,0
2024-01-01,London,DEMO-3,265337.71825917886,DEMO,0.7030683129313274,5.91513905928582,0.700175459954009,6.599583087740045,2024-02-01,278610.4437194959,12.537573415290055,237462.91505628434,239978.14141205398,242462.7633685464,260431.4128576754,241972.3797252002,21468.794745196992,266821.30355588236,0.8660254037844386,0.5000000000000001,72,0
2024-01-01,Toronto,DEMO-0,187932.13917030802,DEMO,0.7030683129313274,5.91513905928582,0.700175459954009,6.599583087740045,2024-02-01,212457.6322539213,12.266502576649351,194628.3115654055,165701.0623234591,161995.89707730076,185706.83065486007,179846.16236587692,20085.39447922159,198543.01604349926,0.8660254037844386,0.5000000000000001,72,0
2024-01-01,Windsor,DEMO-4,288529.40484355256,DEMO,0.7030683129313274,5.91513905928582,0.700175459954009,6.599583087740045,2024-02-01,303571.6358200802,12.623376188096522,307243.1116051503,257910.55387205063,276733.30955269653,253046.92501537368,286758.66656587087,21424.765892383308,302811.10162075533,0.8660254037844386,0.5000000000000001,72,0
2024-02-01,Hamilton,DEMO-1,240867.85703905954,DEMO,0.7095017728904613,5.928403106568155,0.7030683129313274,5.91513905928582,2024-03-01,227402.81847488464,12.334482652043627,228327.21859446037,198337.96117403614,209360.30669964477,230501.26089601516,234430.66241929762,6276.977405119872,238478.72784119804,1.0,6.123233995736766e-17,73,0
2024-02-01,Kitchener-Cambridge-Waterloo,DEMO-2,239811.55845032586,DEMO,0.7095017728904613,5.928403106568155,0.7030683129313274,5.91513905928582,2024-03-01,236555.52835387748,12.373942478877066,240942.59430078845,213566.27343276248,226416.1413042881,255494.7774693408,251041.70413436534,18480.331875418553,235325.5476447768,1.0,6.123233995736766e-17,73,0
2024-02-01,London,DEMO-3,278610.4437194959,DEMO,0.7095017728904613,5.928403106568155,0.7030683129313274,5.91513905928582,2024-03-01,312175.4192964355,12.65132375344994,265337.71825917886,223116.50586013723,225774.66867707376,266821.30355588236,260470.35901165308,21001.146833109084,287592.6658537713,1.0,6.123233995736766e-17,73,0
2024-02-01,Toronto,DEMO-0,212457.6322539213,DEMO,0.7095017728904613,5.928403106568155,0.7030683129313274,5.91513905928582,2024-03-01,199795.71573045585,12.205055707275982,187932.13917030802,156978.0363619172,172820.2734628847,198543.01604349926,198339.36099654494,12676.902960063046,173329.57913850632,1.0,6.123233995736766e-17,73,0
2024-02-01,Windsor,DEMO-4,303571.6358200802,DEMO,0.7095017728904613,5.928403106568155,0.7030683129313274,5.91513905928582,2024-03-01,298293.80200947257,12.605837544972111,288529.40484355256,264503.4832489097,279793.4065264633,302811.10162075533,299781.3840895943,9915.906984492609,309633.2741109407,1.0,6.123233995736766e-17,73,0
2024-03-01,Hamilton,DEMO-1,227402.81847488464,DEMO,0.7194472572645256,6.458585177777677,0.7095017728904613,5.928403106568155,2024-04-01,224204.20269952988,12.320316994968836,240867.85703905954,234096.91162437294,194252.74944918184,238478.72784119804,232199.29803613483,7521.4071346835535,222075.78750293076,0.8660254037844387,-0.4999999999999998,74,0
2024-03-01,Kitchener-Cambridge-Waterloo,DEMO-2,236555.52835387748,DEMO,0.7194472572645256,6.458585177777677,0.7095017728904613,5.928403106568155,2024-04-01,276886.0754630712,12.53136503224114,239811.55845032586,272370.95965198183,219042.50019280013,235325.5476447768,239103.22703499722,2277.693340007181,222335.28003457197,0.8660254037844387,-0.4999999999999998,74,0
2024-03-01,London,DEMO-3,312175.4192964355,DEMO,0.7194472572645256,6.458585177777677,0.7095017728904613,5.928403106568155,2024-04-01,289173.61995561817,12.574786005926093,278610.4437194959,237462.91505628434,204260.3730956305,287592.6658537713,285374.52709170344,24140.364071684566,262631.6095210655,0.8660254037844387,-0.4999999999999998,74,0
2024-03-01,Toronto,DEMO-0,199795.71573045585,DEMO,0.7194472572645256,6.458585177777677,0.7095017728904613,5.928403106568155,2024-04-01,214102.66719722666,12.274215602862784,212457.6322539213,194628.3115654055,155377.57291760293,173329.57913850632,200061.82905156174,12264.911943154635,206246.9222124727,0.8660254037844387,-0.4999999999999998,74,0
2024-03-01,Windsor,DEMO-4,298293.80200947257,DEMO,0.7194472572645256,6.458585177777677,0.7095017728904613,5.928403106568155,2024-04-01,301251.47048344556,12.615703964528299,303571.6358200802,307243.1116051503,257369.26919129383,309633.2741109407,296798.2808910351,7631.816019112056,349113.4430234922,0.8660254037844387,-0.4999999999999998,74,0
2024-04-01,Hamilton,DEMO-1,224204.20269952988,DEMO,0.7328605802694892,6.057386462526455,0.7194472572645256,6.458585177777677,2024-05-01,218749.49498165734,12.295687066990592,227402.81847488464,228327.21859446037,190349.7140382794,222075.78750293076,230824.95940449135,8843.225112672922,194535.2661245652,0.49999999999999994,-0.8660254037844387,75,0
2024-04-01,Kitchener-Cambridge-Waterloo,DEMO-2,276886.0754630712,DEMO,0.7328605802694892,6.057386462526455,0.7194472572645256,6.458585177777677,2024-05-01,269795.24730799295,12.505422313496691,236555.52835387748,240942.59430078845,179705.0749022567,222335.28003457197,251084.38742242483,22404.1460963678,225120.6539989111,0.49999999999999994,-0.8660254037844387,75,0
2024-04-01,London,DEMO-3,289173.61995561817,DEMO,0.7328605802694892,6.057386462526455,0.7194472572645256,6.458585177777677,2024-05-01,273611.17172772845,12.519466951049951,312175.4192964355,265337.71825917886,239978.14141205398,262631.6095210655,293319.8276571832,17162.318465129196,278465.66304775904,0.49999999999999994,-0.8660254037844387,75,0
2024-04-01,Toronto,DEMO-0,214102.66719722666,DEMO,0.7328605802694892,6.057386462526455,0.7194472572645256,6.458585177777677,2024-05-01,221887.96840133145,12.309932393405175,199795.71573045585,187932.13917030802,165701.0623234591,206246.9222124727,208785.33839386795,7828.570860257051,216620.18635723027,0.49999999999999994,-0.8660254037844387,75,0
2024-04-01,Windsor,DEMO-4,301251.47048344556,DEMO,0.7328605802694892,6.057386462526455,0.7194472572645256,6.458585177777677,2024-05-01,318478.50123098644,12.671313391580867,298293.80200947257,288529.40484355256,257910.55387205063,349113.4430234922,301038.96943766606,2645.3260581534555,302131.95655998634,0.49999999999999994,-0.8660254037844387,75,0
2024-05-01,Hamilton,DEMO-1,218749.49498165734,DEMO,0.7496821492127143,5.707006667649173,0.7328605802694892,6.057386462526455,2024-06-01,229846.81556126816,12.345172697431407,224204.20269952988,240867.85703905954,198337.96117403614,194535.2661245652,223452.17205202393,4375.404488811296,217286.9167440517,1.2246467991473532e-16,-1.0,76,0
2024-05-01,Kitchener-Cambridge-Waterloo,DEMO-2,269795.24730799295,DEMO,0.7496821492127143,5.707006667649173,0.7328605802694892,6.057386462526455,2024-06-01,237817.40239558657,12.379262646264804,276886.0754630712,239811.55845032586,213566.27343276248,225120.6539989111,261078.95037498054,21531.805119406064,230865.60464852207,1.2246467991473532e-16,-1.0,76,0
2024-05-01,London,DEMO-3,273611.17172772845,DEMO,0.7496821492127143,5.707006667649173,0.7328605802694892,6.057386462526455,2024-06-01,243155.35460437706,12.401459949993319,289173.61995561817,278610.4437194959,223116.50586013723,278465.66304775904,291653.4036599274,19401.347712214178,226930.4850656977,1.2246467991473532e-16,-1.0,76,0
2024-05-01,Toronto,DEMO-0,221887.96840133145,DEMO,0.7496821492127143,5.707006667649173,0.7328605802694892,6.057386462526455,2024-06-01,205132.29910066398,12.231415286321864,214102.66719722666,212457.6322539213,156978.0363619172,216620.18635723027,211928.78377633798,11205.410919022832,172286.68722612574,1.2246467991473532e-16,-1.0,76,0
2024-05-01,Windsor,DEMO-4,318478.50123098644,DEMO,0.7496821492127143,5.707006667649173,0.7328605802694892,6.057386462526455,2024-06-01,269042.7553582309,12.502629304680662,301251.47048344556,303571.6358200802,264503.4832489097,302131.95655998634,306007.9245746349,10900.615226075288,267338.87234246085,1.2246467991473532e-16,-1.0,76,0
2024-06-01,Hamilton,DEMO-1,229846.81556126816,DEMO,0.7698372292512882,5.848261572206706,0.7496821492127143,5.707006667649173,2024-07-01,225793.4929818259,12.327380541480116,218749.49498165734,227402.81847488464,234096.91162437294,217286.9167440517,224266.83774748514,5548.925425124852,204558.5355307022,-0.4999999999999997,-0.8660254037844388,77,0
2024-06-01,Kitchener-Cambridge-Waterloo,DEMO-2,237817.40239558657,DEMO,0.7698372292512882,5.848261572206706,0.7496821492127143,5.707006667649173,2024-07-01,221336.89917274675,12.30744576837022,269795.24730799295,236555.52835387748,272370.95965198183,230865.60464852207,261499.5750555502,20813.551772907173,210770.16483111514,-0.4999999999999997,-0.8660254037844388,77,0
2024-06-01,London,DEMO-3,243155.35460437706,DEMO,0.7698372292512882,5.848261572206706,0.7496821492127143,5.707006667649173,2024-07-01,252417.67572407998,12.438844399479551,273611.17172772845,312175.4192964355,237462.91505628434,226930.4850656977,268646.71542924125,23407.361154965554,242462.7633685464,-0.4999999999999997,-0.8660254037844388,77,0
2024-06-01,Toronto,DEMO-0,205132.29910066398,DEMO,0.7698372292512882,5.848261572206706,0.7496821492127143,5.707006667649173,2024-07-01,176020.8498862664,12.078363413395737,221887.96840133145,199795.71573045585,194628.3115654055,172286.68722612574,213707.64489974073,8384.816359942442,161995.89707730076,-0.4999999999999997,-0.8660254037844388,77,0
2024-06-01,Windsor,DEMO-4,269042.7553582309,DEMO,0.7698372292512882,5.848261572206706,0.7496821492127143,5.707006667649173,2024-07-01,289112.20900957007,12.574573617066418,318478.50123098644,298293.80200947257,307243.1116051503,267338.87234246085,296257.57569088764,25093.375249222114,276733.30955269653,-0.4999999999999997,-0.8660254037844388,77,0
2024-07-01,Hamilton,DEMO-1,225793.4929818259,DEMO,0.7932362754238774,6.046695289133498,0.7698372292512882,5.848261572206706,2024-08-01,178514.88543352377,12.09243287026744,229846.81556126816,224204.20269952988,228327.21859446037,204558.5355307022,224796.6011749171,5615.423044409413,209360.30669964477,-0.8660254037844384,-0.5000000000000004,78,0
2024-07-01,Kitchener-Cambridge-Waterloo,DEMO-2,221336.89917274675,DEMO,0.7932362754238774,6.046695289133498,0.7698372292512882,5.848261572206706,2024-08-01,234177.4862508287,12.363838865340611,237817.40239558657,276886.0754630712,240942.59430078845,210770.16483111514,242983.18295877543,24638.72648128276,226416.1413042881,-0.8660254037844384,-0.5000000000000004,78,0
2024-07-01,London,DEMO-3,252417.67572407998,DEMO,0.7932362754238774,6.046695289133498,0.7698372292512882,5.848261572206706,2024-08-01,258221.1411496287,12.461575505653238,243155.35460437706,289173.61995561817,265337.71825917886,242462.7633685464,256394.73401872852,15612.557243194336,225774.66867707376,-0.8660254037844384,-0.5000000000000004,78,0
2024-07-01,Toronto,DEMO-0,176020.8498862664,DEMO,0.7932362754238774,6.046695289133498,0.7698372292512882,5.848261572206706,2024-08-01,177648.67584869458,12.08756877678494,205132.29910066398,214102.66719722666,187932.13917030802,161995.89707730076,201013.7057960873,23209.270740915745,172820.2734628847,-0.8660254037844384,-0.5000000000000004,78,0
2024-07-01,Windsor,DEMO-4,289112.20900957007,DEMO,0.7932362754238774,6.046695289133498,0.7698372292512882,5.848261572206706,2024-08-01,254060.159688069,12.445330303189836,269042.7553582309,301251.47048344556,288529.40484355256,276733.30955269653,292211.1551995958,24863.142261496745,279793.4065264633,-0.8660254037844384,-0.5000000000000004,78,0
2024-08-01,Hamilton,DEMO-1,178514.88543352377,DEMO,0.8197753304809577,6.126581441282813,0.7932362754238774,6.046695289133498,2024-09-01,197831.61617876045,12.195176579313003,225793.4929818259,218749.49498165734,240867.85703905954,209360.30669964477,211385.06465887264,28538.462952884758,194252.74944918184,-1.0,-1.8369701987210297e-16,79,0
2024-08-01,Kitchener-Cambridge-Waterloo,DEMO-2,234177.4862508287,DEMO,0.8197753304809577,6.126581441282813,0.7932362754238774,6.046695289133498,2024-09-01,207242.7636585717,12.241650981633205,221336.89917274675,269795.24730799295,239811.55845032586,226416.1413042881,231110.59593972066,8657.719604768903,219042.50019280013,-1.0,-1.8369701987210297e-16,79,0
2024-08-01,London,DEMO-3,258221.1411496287,DEMO,0.8197753304809577,6.126581441282813,0.7932362754238774,6.046695289133498,2024-09-01,265309.16812260845,12.488654866276443,252417.67572407998,273611.17172772845,278610.4437194959,225774.66867707376,251264.72382602864,7598.779811007591,204260.3730956305,-1.0,-1.8369701987210297e-16,79,0
2024-08-01,Toronto,DEMO-0,177648.67584869458,DEMO,0.8197753304809577,6.126581441282813,0.7932362754238774,6.046695289133498,2024-09-01,179023.2004412139,12.095276273680074,176020.8498862664,221887.96840133145,212457.6322539213,172820.2734628847,186267.27494520834,16357.851528560479,155377.57291760293,-1.0,-1.8369701987210297e-16,79,0
2024-08-01,Windsor,DEMO-4,254060.159688069,DEMO,0.8197753304809577,6.126581441282813,0.7932362754238774,6.046695289133498,2024-09-01,305353.3461625802,12.629228171929977,289112.20900957007,318478.50123098644,303571.6358200802,279793.4065264633,270738.37468529,17587.435403888656,257369.26919129383,-1.0,-1.8369701987210297e-16,79,0
2024-09-01,Hamilton,DEMO-1,197831.61617876045,DEMO,0.849336486745936,6.027590502325312,0.8197753304809577,6.126581441282813,2024-10-01,193429.83497766737,12.172675285578485,178514.88543352377,229846.81556126816,227402.81847488464,194252.74944918184,200713.33153137006,23770.673012279123,190349.7140382794,-0.8660254037844386,0.5000000000000001,80,0
2024-09-01,Kitchener-Cambridge-Waterloo,DEMO-2,207242.7636585717,DEMO,0.849336486745936,6.027590502325312,0.8197753304809577,6.126581441282813,2024-10-01,230033.25196692706,12.345983498412947,234177.4862508287,237817.40239558657,236555.52835387748,219042.50019280013,220919.04969404903,13472.222122597557,179705.0749022567,-0.8660254037844386,0.5000000000000001,80,0
2024-09-01,London,DEMO-3,265309.16812260845,DEMO,0.849336486745936,6.027590502325312,0.8197753304809577,6.126581441282813,2024-10-01,242092.7171297572,12.397080191039453,258221.1411496287,243155.35460437706,312175.4192964355,204260.3730956305,258649.32833210574,6456.40397301369,239978.14141205398,-0.8660254037844386,0.5000000000000001,80,0
2024-09-01,Toronto,DEMO-0,179023.2004412139,DEMO,0.849336486745936,6.027590502325312,0.8197753304809577,6.126581441282813,2024-10-01,180915.16002198902,12.105788998637308,177648.67584869458,205132.29910066398,199795.71573045585,155377.57291760293,177564.24205872498,1502.955093261838,165701.0623234591,-0.8660254037844386,0.5000000000000001,80,0
2024-09-01,Windsor,DEMO-4,305353.3461625802,DEMO,0.849336486745936,6.027590502325312,0.8197753304809577,6.126581441282813,2024-10-01,266324.14072405244,12.492473174871458,254060.159688069,269042.7553582309,298293.80200947257,257369.26919129383,282841.9049534064,26215.172694353958,257910.55387205063,-0.8660254037844386,0.5000000000000001,80,0
2024-10-01,Hamilton,DEMO-1,193429.83497766737,DEMO,0.8817884099552102,5.7752032705505325,0.849336486745936,6.027590502325312,2024-11-01,200937.29085517293,12.210753129233007,197831.61617876045,225793.4929818259,224204.20269952988,190349.7140382794,189925.44552998384,10123.960723045579,198337.96117403614,-0.5000000000000004,0.8660254037844384,81,0
2024-10-01,Kitchener-Cambridge-Waterloo,DEMO-2,230033.25196692706,DEMO,0.8817884099552102,5.7752032705505325,0.849336486745936,6.027590502325312,2024-11-01,252929.29781240635,12.44086922703405,207242.7636585717,221336.89917274675,276886.0754630712,179705.0749022567,223817.83395877582,14503.219850864507,213566.27343276248,-0.5000000000000004,0.8660254037844384,81,0
2024-10-01,London,DEMO-3,242092.7171297572,DEMO,0.8817884099552102,5.7752032705505325,0.849336486745936,6.027590502325312,2024-11-01,304760.82375946915,12.6272858448172,265309.16812260845,252417.67572407998,289173.61995561817,239978.14141205398,255207.67546733152,11897.967504563261,223116.50586013723,-0.5000000000000004,0.8660254037844384,81,0
2024-10-01,Toronto,DEMO-0,180915.16002198902,DEMO,0.8817884099552102,5.7752032705505325,0.849336486745936,6.027590502325312,2024-11-01,190646.3647472777,12.158180742726385,179023.2004412139,176020.8498862664,214102.66719722666,165701.0623234591,179195.6787706325,1640.0583203598542,156978.0363619172,-0.5000000000000004,0.8660254037844384,81,0
2024-10-01,Windsor,DEMO-4,266324.14072405244,DEMO,0.8817884099552102,5.7752032705505325,0.849336486745936,6.027590502325312,2024-11-01,302865.78275321773,12.621048326931854,305353.3461625802,289112.20900957007,301251.47048344556,257910.55387205063,275245.8821915672,26785.17962954743,264503.4832489097,-0.5000000000000004,0.8660254037844384,81,0
2024-11-01,Hamilton,DEMO-1,200937.29085517293,DEMO,0.9169869227498513,5.562609164519928,0.8817884099552102,5.7752032705505325,2024-12-01,206491.38318706202,12.238018805410267,193429.83497766737,178514.88543352377,218749.49498165734,198337.96117403614,197399.58067053359,3772.3287831858124,234096.91162437294,-2.4492935982947064e-16,1.0,82,0
2024-11-01,Kitchener-Cambridge-Waterloo,DEMO-2,252929.29781240635,DEMO,0.9169869227498513,5.562609164519928,0.8817884099552102,5.7752032705505325,2024-12-01,240703.09988992705,12.391323656820646,230033.25196692706,234177.4862508287,269795.24730799295,213566.27343276248,230068.43781263506,22843.287400901678,272370.95965198183,-2.4492935982947064e-16,1.0,82,0
2024-11-01,London,DEMO-3,304760.82375946915,DEMO,0.9169869227498513,5.562609164519928,0.8817884099552102,5.7752032705505325,2024-12-01,274913.1328297583,12.524214083634897,242092.7171297572,258221.1411496287,273611.17172772845,223116.50586013723,270720.90300394496,31682.614364310764,237462.91505628434,-2.4492935982947064e-16,1.0,82,0
2024-11-01,Toronto,DEMO-0,190646.3647472777,DEMO,0.9169869227498513,5.562609164519928,0.8817884099552102,5.7752032705505325,2024-12-01,197316.47149062942,12.192569241007662,180915.16002198902,177648.67584869458,221887.96840133145,156978.0363619172,183528.24173682687,6236.63644585359,194628.3115654055,-2.4492935982947064e-16,1.0,82,0
2024-11-01,Windsor,DEMO-4,302865.78275321773,DEMO,0.9169869227498513,5.562609164519928,0.8817884099552102,5.7752032705505325,2024-12-01,293755.5236816339,12.590506552471808,266324.14072405244,254060.159688069,318478.50123098644,264503.4832489097,291514.4232132835,21850.852199498866,307243.1116051503,-2.4492935982947064e-16,1.0,82,0
2024-12-01,Hamilton,DEMO-1,206491.38318706202,DEMO,0.9547756452265723,5.48174704851528,0.9169869227498513,5.562609164519928,2025-01-01,236480.6571852821,12.373625924435968,200937.29085517293,197831.61617876045,229846.81556126816,234096.91162437294,200286.16967330078,6555.072806742906,228327.21859446037,0.49999999999999994,0.8660254037844387,83,0
2024-12-01,Kitchener-Cambridge-Waterloo,DEMO-2,240703.09988992705,DEMO,0.9547756452265723,5.48174704851528,0.9169869227498513,5.562609164519928,2025-01-01,249900.26109386832,12.428821163204342,252929.29781240635,207242.7636585717,237817.40239558657,272370.95965198183,241221.88322308683,11456.835555669992,240942.59430078845,0.49999999999999994,0.8660254037844387,83,0
2024-12-01,London,DEMO-3,274913.1328297583,DEMO,0.9547756452265723,5.48174704851528,0.9169869227498513,5.562609164519928,2025-01-01,286227.92632612016,12.5645472113191,304760.82375946915,265309.16812260845,243155.35460437706,237462.91505628434,273922.2245729949,31345.80229501578,265337.71825917886,0.49999999999999994,0.8660254037844387,83,0
2024-12-01,Toronto,DEMO-0,197316.47149062942,DEMO,0.9547756452265723,5.48174704851528,0.9169869227498513,5.562609164519928,2025-01-01,195956.44358757624,12.185652790084523,190646.3647472777,179023.2004412139,205132.29910066398,194628.3115654055,189625.99875329869,8248.127941786814,187932.13917030802,0.49999999999999994,0.8660254037844387,83,0
2024-12-01,Windsor,DEMO-4,293755.5236816339,DEMO,0.9547756452265723,5.48174704851528,0.9169869227498513,5.562609164519928,2025-01-01,315914.54348141636,12.663230189382864,302865.78275321773,305353.3461625802,269042.7553582309,307243.1116051503,287648.48238630133,19020.906013754644,288529.40484355256,0.49999999999999994,0.8660254037844387,83,0
2025-01-01,Hamilton,DEMO-1,236480.6571852821,DEMO,0.9949866897021427,5.316693237586068,0.9547756452265723,5.48174704851528,2025-02-01,232374.18358412953,12.356108515057342,206491.38318706202,193429.83497766737,225793.4929818259,228327.21859446037,214636.44374250565,19120.38783884822,240867.85703905954,0.8660254037844386,0.5000000000000001,84,0
2025-01-01,Kitchener-Cambridge-Waterloo,DEMO-2,249900.26109386832,DEMO,0.9949866897021427,5.316693237586068,0.9547756452265723,5.48174704851528,2025-02-01,249773.3271106875,12.428313097615757,240703.09988992705,230033.25196692706,221336.89917274675,240942.59430078845,247844.2195987339,6367.138987191647,239811.55845032586,0.8660254037844386,0.5000000000000001,84,0
2025-01-01,London,DEMO-3,286227.92632612016,DEMO,0.9949866897021427,5.316693237586068,0.9547756452265723,5.48174704851528,2025-02-01,304990.18839235586,12.628038164655344,274913.1328297583,242092.7171297572,252417.67572407998,265337.71825917886,288633.96097178257,15068.606952733559,278610.4437194959,0.8660254037844386,0.5000000000000001,84,0
2025-01-01,Toronto,DEMO-0,195956.44358757624,DEMO,0.9949866897021427,5.316693237586068,0.9547756452265723,5.48174704851528,2025-02-01,236252.11358361985,12.37265902445907,197316.47149062942,180915.16002198902,176020.8498862664,187932.13917030802,194639.75994182777,3524.6025108025015,212457.6322539213,0.8660254037844386,0.5000000000000001,84,0
2025-01-01,Windsor,DEMO-4,315914.54348141636,DEMO,0.9949866897021427,5.316693237586068,0.9547756452265723,5.48174704851528,2025-02-01,320188.4361186875,12.67666808749111,293755.5236816339,266324.14072405244,289112.20900957007,288529.40484355256,304178.61663875595,11137.692275783682,303571.6358200802,0.8660254037844386,0.5000000000000001,84,0
2025-02-01,Hamilton,DEMO-1,232374.18358412953,DEMO,1.037441406604553,5.745747110887252,0.9949866897021427,5.316693237586068,2025-03-01,256003.68006554394,12.452951004800626,236480.6571852821,200937.29085517293,178514.88543352377,240867.85703905954,225115.4079854912,16259.043825779852,227402.81847488464,1.0,6.123233995736766e-17,85,0
2025-02-01,Kitchener-Cambridge-Waterloo,DEMO-2,249773.3271106875,DEMO,1.037441406604553,5.745747110887252,0.9949866897021427,5.316693237586068,2025-03-01,252948.63745633356,12.440945686456883,249900.26109386832,252929.29781240635,234177.4862508287,239811.55845032586,246792.22936482762,5273.722725041491,236555.52835387748,1.0,6.123233995736766e-17,85,0
2025-02-01,London,DEMO-3,304990.18839235586,DEMO,1.037441406604553,5.745747110887252,0.9949866897021427,5.316693237586068,2025-03-01,255613.21837254748,12.451424627374,286227.92632612016,304760.82375946915,258221.1411496287,278610.4437194959,288710.41584941145,15191.424669984786,312175.4192964355,1.0,6.123233995736766e-17,85,0
2025-02-01,Toronto,DEMO-0,236252.11358361985,DEMO,1.037441406604553,5.745747110887252,0.9949866897021427,5.316693237586068,2025-03-01,217287.46788749818,12.288981094829348,195956.44358757624,190646.3647472777,177648.67584869458,212457.6322539213,209841.6762206085,22882.21624435487,199795.71573045585,1.0,6.123233995736766e-17,85,0
2025-02-01,Windsor,DEMO-4,320188.4361186875,DEMO,1.037441406604553,5.745747110887252,0.9949866897021427,5.316693237586068,2025-03-01,318498.99677647586,12.6713777438734,315914.54348141636,302865.78275321773,254060.159688069,303571.6358200802,309952.8344272459,14189.122457402691,298293.80200947257,1.0,6.123233995736766e-17,85,0
2025-03-01,Hamilton,DEMO-1,256003.68006554394,DEMO,1.0819511781770794,5.504968675856852,1.037441406604553,5.745747110887252,2025-04-01,249577.20949183454,12.427527609950987,232374.18358412953,206491.38318706202,197831.61617876045,227402.81847488464,241619.50694498522,12625.137964826716,224204.20269952988,0.8660254037844387,-0.4999999999999998,86,0
2025-03-01,Kitchener-Cambridge-Waterloo,DEMO-2,252948.63745633356,DEMO,1.0819511781770794,5.504968675856852,1.037441406604553,5.745747110887252,2025-04-01,264701.6776998653,12.486362504143873,249773.3271106875,240703.09988992705,207242.7636585717,236555.52835387748,250874.07522029648,1797.7442566830111,276886.0754630712,0.8660254037844387,-0.4999999999999998,86,0
2025-03-01,London,DEMO-3,255613.21837254748,DEMO,1.0819511781770794,5.504968675856852,1.037441406604553,5.745747110887252,2025-04-01,267518.1343999697,12.496946373227193,304990.18839235586,274913.1328297583,265309.16812260845,312175.4192964355,282277.1110303412,24924.445795448948,289173.61995561817,0.8660254037844387,-0.4999999999999998,86,0
2025-03-01,Toronto,DEMO-0,217287.46788749818,DEMO,1.0819511781770794,5.504968675856852,1.037441406604553,5.745747110887252,2025-04-01,213712.08040315838,12.272389648620548,236252.11358361985,197316.47149062942,179023.2004412139,199795.71573045585,216498.67501956478,20159.412212385432,214102.66719722666,0.8660254037844387,-0.4999999999999998,86,0
2025-03-01,Windsor,DEMO-4,318498.99677647586,DEMO,1.0819511781770794,5.504968675856852,1.037441406604553,5.745747110887252,2025-04-01,324837.0909336266,12.691082155435433,320188.4361186875,293755.5236816339,305353.3461625802,298293.80200947257,318200.6587921932,2152.508706922726,301251.47048344556,0.8660254037844387,-0.4999999999999998,86,0
2025-04-01,Hamilton,DEMO-1,249577.20949183454,DEMO,1.1283182564689942,5.268934869161299,1.0819511781770794,5.504968675856852,2025-05-01,239608.19631951657,12.386764526454794,256003.68006554394,236480.6571852821,193429.83497766737,224204.20269952988,245985.02438050267,12217.451509904404,218749.49498165734,0.49999999999999994,-0.8660254037844387,87,0
2025-04-01,Kitchener-Cambridge-Waterloo,DEMO-2,264701.6776998653,DEMO,1.1283182564689942,5.268934869161299,1.0819511781770794,5.504968675856852,2025-05-01,246798.75058338614,12.416332560410696,252948.63745633356,249900.26109386832,230033.25196692706,276886.0754630712,255807.88075562878,7864.18253932337,269795.24730799295,0.49999999999999994,-0.8660254037844387,87,0
2025-04-01,London,DEMO-3,267518.1343999697,DEMO,1.1283182564689942,5.268934869161299,1.0819511781770794,5.504968675856852,2025-05-01,279628.0416702121,12.54121915258234,255613.21837254748,286227.92632612016,242092.7171297572,289173.61995561817,276040.51372162433,25768.090811328573,273611.17172772845,0.49999999999999994,-0.8660254037844387,87,0
2025-04-01,Toronto,DEMO-0,213712.08040315838,DEMO,1.1283182564689942,5.268934869161299,1.0819511781770794,5.504968675856852,2025-05-01,227116.52008882162,12.333222872140524,217287.46788749818,195956.44358757624,180915.16002198902,214102.66719722666,222417.22062475883,12114.002076239476,221887.96840133145,0.49999999999999994,-0.8660254037844387,87,0
2025-04-01,Windsor,DEMO-4,324837.0909336266,DEMO,1.1283182564689942,5.268934869161299,1.0819511781770794,5.504968675856852,2025-05-01,287189.1200465975,12.56789971461252,318498.99677647586,315914.54348141636,266324.14072405244,301251.47048344556,321174.8412762633,3282.164794368856,318478.50123098644,0.49999999999999994,-0.8660254037844387,87,0
2025-05-01,Hamilton,DEMO-1,239608.19631951657,DEMO,1.1763366418898795,5.452359027875818,1.1283182564689942,5.268934869161299,2025-06-01,239594.63135148768,12.386707911966587,249577.20949183454,232374.18358412953,200937.29085517293,218749.49498165734,248396.36195896505,8261.281528218917,229846.81556126816,1.2246467991473532e-16,-1.0,88,0
2025-05-01,Kitchener-Cambridge-Waterloo,DEMO-2,246798.75058338614,DEMO,1.1763366418898795,5.452359027875818,1.1283182564689942,5.268934869161299,2025-06-01,260331.59428297207,12.469715301287861,264701.6776998653,249773.3271106875,252929.29781240635,269795.24730799295,254816.3552465283,9096.426613916705,237817.40239558657,1.2246467991473532e-16,-1.0,88,0
2025-05-01,London,DEMO-3,279628.0416702121,DEMO,1.1763366418898795,5.452359027875818,1.1283182564689942,5.268934869161299,2025-06-01,295709.8818955285,12.59713750562178,267518.1343999697,304990.18839235586,304760.82375946915,273611.17172772845,267586.46481424314,12007.557465556296,243155.35460437706,1.2246467991473532e-16,-1.0,88,0
2025-05-01,Toronto,DEMO-0,227116.52008882162,DEMO,1.1763366418898795,5.452359027875818,1.1283182564689942,5.268934869161299,2025-06-01,212800.83627275185,12.268116665513674,213712.08040315838,236252.11358361985,190646.3647472777,221887.96840133145,219372.02279315944,6941.093407213866,205132.29910066398,1.2246467991473532e-16,-1.0,88,0
2025-05-01,Windsor,DEMO-4,287189.1200465975,DEMO,1.1763366418898795,5.452359027875818,1.1283182564689942,5.268934869161299,2025-06-01,286336.2320331684,12.564925528153788,324837.0909336266,320188.4361186875,302865.78275321773,318478.50123098644,310175.0692522333,20157.089448858413,269042.7553582309,1.2246467991473532e-16,-1.0,88,0
2025-06-01,Hamilton,DEMO-1,239594.63135148768,DEMO,1.225792998424322,5.693814430692013,1.1763366418898795,5.452359027875818,2025-07-01,216352.35281810205,12.284668242727783,239608.19631951657,256003.68006554394,206491.38318706202,229846.81556126816,242926.67905427958,5759.532301128075,225793.4929818259,-0.4999999999999997,-0.8660254037844388,89,0
2025-06-01,Kitchener-Cambridge-Waterloo,DEMO-2,260331.59428297207,DEMO,1.225792998424322,5.693814430692013,1.1763366418898795,5.452359027875818,2025-07-01,247244.5310470839,12.418137174688987,246798.75058338614,252948.63745633356,240703.09988992705,237817.40239558657,257277.34085540785,9334.079913647436,221336.89917274675,-0.4999999999999997,-0.8660254037844388,89,0
2025-06-01,London,DEMO-3,295709.8818955285,DEMO,1.225792998424322,5.693814430692013,1.1763366418898795,5.452359027875818,2025-07-01,244349.2584416801,12.406357960367805,279628.0416702121,255613.21837254748,274913.1328297583,243155.35460437706,280952.0193219034,14142.43063726875,252417.67572407998,-0.4999999999999997,-0.8660254037844388,89,0
2025-06-01,Toronto,DEMO-0,212800.83627275185,DEMO,1.225792998424322,5.693814430692013,1.1763366418898795,5.452359027875818,2025-07-01,181950.53018697136,12.111495612936086,227116.52008882162,217287.46788749818,197316.47149062942,205132.29910066398,217876.4789215773,8015.070932035651,176020.8498862664,-0.4999999999999997,-0.8660254037844388,89,0
2025-06-01,Windsor,DEMO-4,286336.2320331684,DEMO,1.225792998424322,5.693814430692013,1.1763366418898795,5.452359027875818,2025-07-01,297037.8672728824,12.60161827546126,287189.1200465975,318498.99677647586,293755.5236816339,269042.7553582309,299454.1476711308,21986.409688513788,289112.20900957007,-0.4999999999999997,-0.8660254037844388,89,0
2025-07-01,Hamilton,DEMO-1,216352.35281810205,DEMO,1.2764676014408594,5.545649023421868,1.225792998424322,5.693814430692013,2025-08-01,221570.80088686713,12.308501973442421,239594.63135148768,249577.20949183454,236480.6571852821,225793.4929818259,231851.72682970212,13422.853350375934,178514.88543352377,-0.8660254037844384,-0.5000000000000004,90,0
2025-07-01,Kitchener-Cambridge-Waterloo,DEMO-2,247244.5310470839,DEMO,1.2764676014408594,5.545649023421868,1.225792998424322,5.693814430692013,2025-08-01,234852.01902753438,12.366715146503596,260331.59428297207,264701.6776998653,249900.26109386832,221336.89917274675,251458.29197114738,7687.737020297378,234177.4862508287,-0.8660254037844384,-0.5000000000000004,90,0
2025-07-01,London,DEMO-3,244349.2584416801,DEMO,1.2764676014408594,5.545649023421868,1.225792998424322,5.693814430692013,2025-08-01,287125.1512650458,12.567676949613473,295709.8818955285,267518.1343999697,286227.92632612016,252417.67572407998,273229.06066914025,26271.441315258016,258221.1411496287,-0.8660254037844384,-0.5000000000000004,90,0
2025-07-01,Toronto,DEMO-0,181950.53018697136,DEMO,1.2764676014408594,5.545649023421868,1.225792998424322,5.693814430692013,2025-08-01,179374.33136061497,12.097235712800881,212800.83627275185,213712.08040315838,195956.44358757624,176020.8498862664,207289.29551618162,23081.907895297554,177648.67584869458,-0.8660254037844384,-0.5000000000000004,90,0
2025-07-01,Windsor,DEMO-4,297037.8672728824,DEMO,1.2764676014408594,5.545649023421868,1.225792998424322,5.693814430692013,2025-08-01,276978.8786751349,12.531700142369083,286336.2320331684,324837.0909336266,315914.54348141636,289112.20900957007,290187.7397842161,5947.691943022955,254060.159688069,-0.8660254037844384,-0.5000000000000004,90,0
2025-08-01,Hamilton,DEMO-1,221570.80088686713,DEMO,1.3281353138842678,5.6434745321374935,1.2764676014408594,5.545649023421868,2025-09-01,189080.42721206587,12.149933033070276,216352.35281810205,239608.19631951657,232374.18358412953,178514.88543352377,225839.26168548563,12194.90451163464,197831.61617876045,-1.0,-1.8369701987210297e-16,91,0
2025-08-01,Kitchener-Cambridge-Waterloo,DEMO-2,234852.01902753438,DEMO,1.3281353138842678,5.6434745321374935,1.2764676014408594,5.545649023421868,2025-09-01,236255.40951378635,12.372672975205056,247244.5310470839,246798.75058338614,249773.3271106875,234177.4862508287,247476.04811919678,12741.36526889519,207242.7636585717,-1.0,-1.8369701987210297e-16,91,0
2025-08-01,London,DEMO-3,287125.1512650458,DEMO,1.3281353138842678,5.6434745321374935,1.2764676014408594,5.545649023421868,2025-09-01,235382.55772137258,12.368971623116357,244349.2584416801,279628.0416702121,304990.18839235586,258221.1411496287,275728.0972007515,27511.780047832657,265309.16812260845,-1.0,-1.8369701987210297e-16,91,0
2025-08-01,Toronto,DEMO-0,179374.33136061497,DEMO,1.3281353138842678,5.6434745321374935,1.2764676014408594,5.545649023421868,2025-09-01,182402.95515291835,12.113979040339677,181950.53018697136,227116.52008882162,236252.11358361985,177648.67584869458,191375.2326067794,18599.773370574232,179023.2004412139,-1.0,-1.8369701987210297e-16,91,0
2025-08-01,Windsor,DEMO-4,276978.8786751349,DEMO,1.3281353138842678,5.6434745321374935,1.2764676014408594,5.545649023421868,2025-09-01,318894.84513896523,12.672619824186292,297037.8672728824,287189.1200465975,320188.4361186875,254060.159688069,286784.32599372853,10036.998906010707,305353.3461625802,-1.0,-1.8369701987210297e-16,91,0
2025-09-01,Hamilton,DEMO-1,189080.42721206587,DEMO,1.3805665865141556,5.563872784560468,1.3281353138842678,5.6434745321374935,2025-10-01,233194.85455073992,12.359633956931432,221570.80088686713,239594.63135148768,256003.68006554394,197831.61617876045,209001.19363901168,17448.08732610267,193429.83497766737,-0.8660254037844386,0.5000000000000001,92,0
2025-09-01,Kitchener-Cambridge-Waterloo,DEMO-2,236255.40951378635,DEMO,1.3805665865141556,5.563872784560468,1.3281353138842678,5.6434745321374935,2025-10-01,266807.08528762916,12.4942848972407,234852.01902753438,260331.59428297207,252948.63745633356,207242.7636585717,239450.65319613487,6786.07214674873,230033.25196692706,-0.8660254037844386,0.5000000000000001,92,0
2025-09-01,London,DEMO-3,235382.55772137258,DEMO,1.3805665865141556,5.563872784560468,1.3281353138842678,5.6434745321374935,2025-10-01,246503.21103126951,12.415134355610117,287125.1512650458,295709.8818955285,255613.21837254748,265309.16812260845,255618.98914269952,27651.02383658787,242092.7171297572,-0.8660254037844386,0.5000000000000001,92,0
2025-09-01,Toronto,DEMO-0,182402.95515291835,DEMO,1.3805665865141556,5.563872784560468,1.3281353138842678,5.6434745321374935,2025-10-01,183721.6512843933,12.121182569450305,179374.33136061497,212800.83627275185,217287.46788749818,179023.2004412139,181242.6055668349,1633.7100323096047,180915.16002198902,-0.8660254037844386,0.5000000000000001,92,0
2025-09-01,Windsor,DEMO-4,318894.84513896523,DEMO,1.3805665865141556,5.563872784560468,1.3281353138842678,5.6434745321374935,2025-10-01,278423.496815182,12.536902195005226,276978.8786751349,286336.2320331684,318498.99677647586,305353.3461625802,297637.19702899415,20964.409323104206,266324.14072405244,-0.8660254037844386,0.5000000000000001,92,0
2025-10-01,Hamilton,DEMO-1,233194.85455073992,DEMO,1.433528477746003,5.104599540205073,1.3805665865141556,5.563872784560468,2025-11-01,232641.088060567,12.357256448788073,189080.42721206587,216352.35281810205,249577.20949183454,193429.83497766737,214615.36088322432,22864.913822011276,200937.29085517293,-0.5000000000000004,0.8660254037844384,93,0
2025-10-01,Kitchener-Cambridge-Waterloo,DEMO-2,266807.08528762916,DEMO,1.433528477746003,5.104599540205073,1.3805665865141556,5.563872784560468,2025-11-01,221796.8746455991,12.309521771551317,236255.40951378635,247244.5310470839,264701.6776998653,230033.25196692706,245971.50460964997,18057.780673595542,252929.29781240635,-0.5000000000000004,0.8660254037844384,93,0
2025-10-01,London,DEMO-3,246503.21103126951,DEMO,1.433528477746003,5.104599540205073,1.3805665865141556,5.563872784560468,2025-11-01,268852.1612475483,12.50192064057505,235382.55772137258,244349.2584416801,267518.1343999697,242092.7171297572,256336.97333922933,27236.944716754013,304760.82375946915,-0.5000000000000004,0.8660254037844384,93,0
2025-10-01,Toronto,DEMO-0,183721.6512843933,DEMO,1.433528477746003,5.104599540205073,1.3805665865141556,5.563872784560468,2025-11-01,193211.6122891267,12.171546479629464,182402.95515291835,181950.53018697136,213712.08040315838,180915.16002198902,181832.97926597553,2229.002470543268,190646.3647472777,-0.5000000000000004,0.8660254037844384,93,0
2025-10-01,Windsor,DEMO-4,278423.496815182,DEMO,1.433528477746003,5.104599540205073,1.3805665865141556,5.563872784560468,2025-11-01,306896.44915429264,12.634268928922236,318894.84513896523,297037.8672728824,324837.0909336266,266324.14072405244,291432.40687642735,23794.135136319142,302865.78275321773,-0.5000000000000004,0.8660254037844384,93,0
2025-11-01,Hamilton,DEMO-1,232641.088060567,DEMO,1.4867856885637107,5.678202562169998,1.433528477746003,5.104599540205073,2025-12-01,239594.30868526764,12.386706565254064,233194.85455073992,221570.80088686713,239608.19631951657,200937.29085517293,218305.45660779093,25311.132367343114,206491.38318706202,-2.4492935982947064e-16,1.0,94,0
2025-11-01,Kitchener-Cambridge-Waterloo,DEMO-2,221796.8746455991,DEMO,1.4867856885637107,5.678202562169998,1.433528477746003,5.104599540205073,2025-12-01,258653.69767703503,12.463249237559538,266807.08528762916,234852.01902753438,246798.75058338614,252929.29781240635,241619.7898156715,22979.603946270217,240703.09988992705,-2.4492935982947064e-16,1.0,94,0
2025-11-01,London,DEMO-3,268852.1612475483,DEMO,1.4867856885637107,5.678202562169998,1.433528477746003,5.104599540205073,2025-12-01,276188.19135044335,12.528841385775388,246503.21103126951,287125.1512650458,279628.0416702121,304760.82375946915,250245.97666673013,17045.815058286862,274913.1328297583,-2.4492935982947064e-16,1.0,94,0
2025-11-01,Toronto,DEMO-0,193211.6122891267,DEMO,1.4867856885637107,5.678202562169998,1.433528477746003,5.104599540205073,2025-12-01,198068.83149696368,12.196374931826274,183721.6512843933,179374.33136061497,227116.52008882162,190646.3647472777,186445.40624214613,5896.685346398736,197316.47149062942,-2.4492935982947064e-16,1.0,94,0
2025-11-01,Windsor,DEMO-4,306896.44915429264,DEMO,1.4867856885637107,5.678202562169998,1.433528477746003,5.104599540205073,2025-12-01,321438.375041974,12.68056423580214,278423.496815182,276978.8786751349,287189.1200465975,302865.78275321773,301404.93036948,20787.017407728596,293755.5236816339,-2.4492935982947064e-16,1.0,94,0
2025-12-01,Hamilton,DEMO-1,239594.30868526764,DEMO,1.5401016079057381,5.902875377132287,1.4867856885637107,5.678202562169998,2026-01-01,240377.32259279993,12.3899693053345,232641.088060567,189080.42721206587,239594.63135148768,206491.38318706202,235143.41709885816,3864.5169513020874,236480.6571852821,0.49999999999999994,0.8660254037844387,95,0
2025-12-01,Kitchener-Cambridge-Waterloo,DEMO-2,258653.69767703503,DEMO,1.5401016079057381,5.902875377132287,1.4867856885637107,5.678202562169998,2026-01-01,266511.10329210333,12.493174937286993,221796.8746455991,236255.40951378635,260331.59428297207,240703.09988992705,249085.88587008778,23982.014773364423,249900.26109386832,0.49999999999999994,0.8660254037844387,95,0
2025-12-01,London,DEMO-3,276188.19135044335,DEMO,1.5401016079057381,5.902875377132287,1.4867856885637107,5.678202562169998,2026-01-01,272585.994629578,12.515713088484238,268852.1612475483,235382.55772137258,295709.8818955285,274913.1328297583,263847.8545430871,15462.271124632865,286227.92632612016,0.49999999999999994,0.8660254037844387,95,0
2025-12-01,Toronto,DEMO-0,198068.83149696368,DEMO,1.5401016079057381,5.902875377132287,1.4867856885637107,5.678202562169998,2026-01-01,233106.90391932425,12.3592567322968,193211.6122891267,182402.95515291835,212800.83627275185,197316.47149062942,191667.36502349455,7297.185740136047,195956.44358757624,0.49999999999999994,0.8660254037844387,95,0
2025-12-01,Windsor,DEMO-4,321438.375041974,DEMO,1.5401016079057381,5.902875377132287,1.4867856885637107,5.678202562169998,2026-01-01,309554.4565500551,12.642892536154497,306896.44915429264,318894.84513896523,286336.2320331684,293755.5236816339,302252.7736704829,21880.190326312037,315914.54348141636,0.49999999999999994,0.8660254037844387,95,0
2026-01-01,Hamilton,DEMO-1,240377.32259279993,DEMO,1.593239363880395,5.658149091838215,1.5401016079057381,5.902875377132287,2026-02-01,238313.6436844964,12.381347111826166,239594.30868526764,233194.85455073992,216352.35281810205,236480.6571852821,237537.57311287822,4258.515245422022,232374.18358412953,0.8660254037844386,0.5000000000000001,96,0
2026-01-01,Kitchener-Cambridge-Waterloo,DEMO-2,266511.10329210333,DEMO,1.593239363880395,5.658149091838215,1.5401016079057381,5.902875377132287,2026-02-01,289403.7046430497,12.575581349588676,258653.69767703503,266807.08528762916,247244.5310470839,249900.26109386832,248987.22520491248,23873.0198844577,249773.3271106875,0.8660254037844386,0.5000000000000001,96,0
2026-01-01,London,DEMO-3,272585.994629578,DEMO,1.593239363880395,5.658149091838215,1.5401016079057381,5.902875377132287,2026-02-01,301566.2629321342,12.616748364569814,276188.19135044335,246503.21103126951,244349.2584416801,286227.92632612016,272542.1157425232,3668.211885262054,304990.18839235586,0.8660254037844386,0.5000000000000001,96,0
2026-01-01,Toronto,DEMO-0,233106.90391932425,DEMO,1.593239363880395,5.658149091838215,1.5401016079057381,5.902875377132287,2026-02-01,222212.15710130348,12.311392367311807,198068.83149696368,183721.6512843933,181950.53018697136,195956.44358757624,208129.11590180488,21767.304961669764,236252.11358361985,0.8660254037844386,0.5000000000000001,96,0
2026-01-01,Windsor,DEMO-4,309554.4565500551,DEMO,1.593239363880395,5.658149091838215,1.5401016079057381,5.902875377132287,2026-02-01,323197.11913674057,12.686020786109484,321438.375041974,278423.496815182,297037.8672728824,315914.54348141636,312629.7602487739,7743.3856781267705,320188.4361186875,0.8660254037844386,0.5000000000000001,96,0
2026-02-01,Hamilton,DEMO-1,238313.6436844964,DEMO,1.6459628761399476,5.999954208335246,1.593239363880395,5.658149091838215,2026-03-01,269973.9899220553,12.506084603771782,240377.32259279993,232641.088060567,221570.80088686713,232374.18358412953,239428.42498752134,1041.79206660571,256003.68006554394,1.0,6.123233995736766e-17,97,0
2026-02-01,Kitchener-Cambridge-Waterloo,DEMO-2,289403.7046430497,DEMO,1.6459628761399476,5.999954208335246,1.593239363880395,5.658149091838215,2026-03-01,269248.9660863885,12.50339546906278,266511.10329210333,221796.8746455991,234852.01902753438,249773.3271106875,271522.8352040627,15975.882594414905,252948.63745633356,1.0,6.123233995736766e-17,97,0
2026-02-01,London,DEMO-3,301566.2629321342,DEMO,1.6459628761399476,5.999954208335246,1.593239363880395,5.658149091838215,2026-03-01,296108.12026974984,12.59848331493161,272585.994629578,268852.1612475483,287125.1512650458,304990.18839235586,283446.81630405184,15794.926871780168,255613.21837254748,1.0,6.123233995736766e-17,97,0
2026-02-01,Toronto,DEMO-0,222212.15710130348,DEMO,1.6459628761399476,5.999954208335246,1.593239363880395,5.658149091838215,2026-03-01,243597.67634114734,12.403277381063983,233106.90391932425,193211.6122891267,179374.33136061497,236252.11358361985,217795.96417253045,17931.63962823084,217287.46788749818,1.0,6.123233995736766e-17,97,0
2026-02-01,Windsor,DEMO-4,323197.11913674057,DEMO,1.6459628761399476,5.999954208335246,1.593239363880395,5.658149091838215,2026-03-01,308035.19163644844,12.637972560365647,309554.4565500551,306896.44915429264,276978.8786751349,320188.4361186875,318063.3169095899,7421.1740082863325,318498.99677647586,1.0,6.123233995736766e-17,97,0
2026-03-01,Hamilton,DEMO-1,269973.9899220553,DEMO,1.6980379047380612,5.589939460845108,1.6459628761399476,5.999954208335246,2026-04-01,273729.45807644405,12.519899171542622,238313.6436844964,239594.30868526764,189080.42721206587,256003.68006554394,249554.9853997839,17713.455391864307,249577.20949183454,0.8660254037844387,-0.4999999999999998,98,0
2026-03-01,Kitchener-Cambridge-Waterloo,DEMO-2,269248.9660863885,DEMO,1.6980379047380612,5.589939460845108,1.6459628761399476,5.999954208335246,2026-04-01,278676.4292664473,12.537810224422476,289403.7046430497,258653.69767703503,236255.40951378635,252948.63745633356,275054.59134051384,12501.870363944352,264701.6776998653,0.8660254037844387,-0.4999999999999998,98,0
2026-03-01,London,DEMO-3,296108.12026974984,DEMO,1.6980379047380612,5.589939460845108,1.6459628761399476,5.999954208335246,2026-04-01,280875.35420198133,12.545669830844878,301566.2629321342,276188.19135044335,235382.55772137258,255613.21837254748,290086.7926104874,15399.879149109323,267518.1343999697,0.8660254037844387,-0.4999999999999998,98,0
2026-03-01,Toronto,DEMO-0,243597.67634114734,DEMO,1.6980379047380612,5.589939460845108,1.6459628761399476,5.999954208335246,2026-04-01,229138.81180593502,12.342087628141243,222212.15710130348,198068.83149696368,182402.95515291835,217287.46788749818,232972.24578725838,10693.395527091063,213712.08040315838,0.8660254037844387,-0.4999999999999998,98,0
2026-03-01,Windsor,DEMO-4,308035.19163644844,DEMO,1.6980379047380612,5.589939460845108,1.6459628761399476,5.999954208335246,2026-04-01,364694.9673090269,12.806819319178814,323197.11913674057,321438.375041974,318894.84513896523,318498.99677647586,313595.58910774806,8349.794946144613,324837.0909336266,0.8660254037844387,-0.4999999999999998,98,0
2026-04-01,Hamilton,DEMO-1,273729.45807644405,DEMO,1.7492330908107023,5.981057171952072,1.6980379047380612,5.589939460845108,2026-05-01,256815.63975155688,12.456117645239068,269973.9899220553,240377.32259279993,233194.85455073992,249577.20949183454,260672.36389433194,19454.052594021563,239608.19631951657,0.49999999999999994,-0.8660254037844387,99,0
2026-04-01,Kitchener-Cambridge-Waterloo,DEMO-2,278676.4292664473,DEMO,1.7492330908107023,5.981057171952072,1.6980379047380612,5.589939460845108,2026-05-01,259600.70858229228,12.4669038453863,269248.9660863885,266511.10329210333,266807.08528762916,264701.6776998653,279109.6999986285,10084.352444128239,246798.75058338614,0.49999999999999994,-0.8660254037844387,99,0
2026-04-01,London,DEMO-3,280875.35420198133,DEMO,1.7492330908107023,5.981057171952072,1.6980379047380612,5.589939460845108,2026-05-01,296084.3087848364,12.59840289713719,296108.12026974984,272585.994629578,246503.21103126951,267518.1343999697,292849.91246795515,10723.356031561358,279628.0416702121,0.49999999999999994,-0.8660254037844387,99,0
2026-04-01,Toronto,DEMO-0,229138.81180593502,DEMO,1.7492330908107023,5.981057171952072,1.6980379047380612,5.589939460845108,2026-05-01,200022.2683707244,12.206188980616608,243597.67634114734,233106.90391932425,183721.6512843933,213712.08040315838,231649.54841612861,10911.597363985613,227116.52008882162,0.49999999999999994,-0.8660254037844387,99,0
2026-04-01,Windsor,DEMO-4,364694.9673090269,DEMO,1.7492330908107023,5.981057171952072,1.6980379047380612,5.589939460845108,2026-05-01,301383.2693446457,12.616141371857095,308035.19163644844,309554.4565500551,278423.496815182,324837.0909336266,331975.7593607386,29332.25081635442,287189.1200465975,0.49999999999999994,-0.8660254037844387,99,0
